indicatorId,geoUnit,year,value,qualifier,magnitude
MENF.5T8,ABW,2003,-57,UIS_EST,
MENF.5T8,ABW,2005,-117,UIS_EST,
MENF.5T8,ABW,2006,-19,UIS_EST,
MENF.5T8,ABW,2009,-152,UIS_EST,
MENF.5T8,ABW,2010,-444,UIS_EST,
MENF.5T8,ABW,2011,-125,UIS_EST,
MENF.5T8,ABW,2012,-182,UIS_EST,
MENF.5T8,ABW,2013,40,UIS_EST,
MENF.5T8,ABW,2014,55,UIS_EST,
MENF.5T8,ABW,2015,99,UIS_EST,
MENF.5T8,ABW,2016,89,,
MENF.5T8,AFG,2009,-5527,UIS_EST,
MENF.5T8,AFG,2014,-19636,UIS_EST,
MENF.5T8,AFG,2020,-33310,,
MENF.5T8,AIA,2001,-30,UIS_EST,
MENF.5T8,AIA,2002,-51,UIS_EST,
MENF.5T8,AIA,2003,-60,UIS_EST,
MENF.5T8,AIA,2004,-94,UIS_EST,
MENF.5T8,AIA,2006,-25,UIS_EST,
MENF.5T8,AIA,2007,-68,UIS_EST,
MENF.5T8,AIA,2008,-151,UIS_EST,
MENF.5T8,ALB,2000,-5214,UIS_EST,
MENF.5T8,ALB,2001,-6723,UIS_EST,
MENF.5T8,ALB,2003,-10823,UIS_EST,
MENF.5T8,ALB,2004,-12980,UIS_EST,
MENF.5T8,ALB,2011,-23832,UIS_EST,
MENF.5T8,ALB,2012,-22294,UIS_EST,
MENF.5T8,ALB,2018,-16791,,
MENF.5T8,ALB,2019,-8850,UIS_EST,
MENF.5T8,ALB,2020,-9514,,
MENF.5T8,ALB,2021,-12104,UIS_EST,
MENF.5T8,ALB,2022,-12947,UIS_EST,
MENF.5T8,AND,2002,-697,UIS_EST,
MENF.5T8,AND,2003,-875,UIS_EST,
MENF.5T8,AND,2009,-1233,UIS_EST,
MENF.5T8,AND,2013,-1035,UIS_EST,
MENF.5T8,AND,2015,-1142,UIS_EST,
MENF.5T8,AND,2016,-1177,,
MENF.5T8,AND,2017,-1274,,
MENF.5T8,AND,2018,-1263,,
MENF.5T8,AND,2019,-1238,UIS_EST,
MENF.5T8,AND,2020,-1329,,
MENF.5T8,AND,2021,-1383,UIS_EST,
MENF.5T8,AND,2022,-1427,UIS_EST,
MENF.5T8,ARE,2011,40386,UIS_EST,
MENF.5T8,ARE,2012,45772,UIS_EST,
MENF.5T8,ARE,2013,50517,UIS_EST,
MENF.5T8,ARE,2014,54691,UIS_EST,
MENF.5T8,ARE,2015,62549,,
MENF.5T8,ARE,2016,65743,,
MENF.5T8,ARE,2019,211987,UIS_EST,
MENF.5T8,ARE,2020,201262,,
MENF.5T8,ARG,2000,-3685,UIS_EST,
MENF.5T8,ARG,2016,68092,,
MENF.5T8,ARG,2017,80450,,
MENF.5T8,ARG,2018,100690.25,,
MENF.5T8,ARG,2019,107146,UIS_EST,
MENF.5T8,ARG,2020,111594,,
MENF.5T8,ARG,2021,107680,UIS_EST,
MENF.5T8,ARG,2022,125416,UIS_EST,
MENF.5T8,ARM,2002,-148,UIS_EST,
MENF.5T8,ARM,2003,-1089,UIS_EST,
MENF.5T8,ARM,2004,436,UIS_EST,
MENF.5T8,ARM,2005,722,UIS_EST,
MENF.5T8,ARM,2006,803,UIS_EST,
MENF.5T8,ARM,2007,759,UIS_EST,
MENF.5T8,ARM,2008,-776,UIS_EST,
MENF.5T8,ARM,2009,-593,UIS_EST,
MENF.5T8,ARM,2010,-2367,UIS_EST,
MENF.5T8,ARM,2011,-2795,UIS_EST,
MENF.5T8,ARM,2012,-2953,UIS_EST,
MENF.5T8,ARM,2013,-3672,UIS_EST,
MENF.5T8,ARM,2014,-3028,UIS_EST,
MENF.5T8,ARM,2015,-3140,,
MENF.5T8,ARM,2016,-3425,,
MENF.5T8,ARM,2017,-1379,,
MENF.5T8,ARM,2018,-1965,,
MENF.5T8,ARM,2019,-1361,UIS_EST,
MENF.5T8,ARM,2020,243,,
MENF.5T8,ARM,2021,628,UIS_EST,
MENF.5T8,ARM,2022,1447,UIS_EST,
MENF.5T8,ATG,2009,-606,UIS_EST,
MENF.5T8,ATG,2010,-485,UIS_EST,
MENF.5T8,ATG,2011,-539,UIS_EST,
MENF.5T8,ATG,2012,-375,UIS_EST,
MENF.5T8,AUS,2000,100060,UIS_EST,
MENF.5T8,AUS,2001,115105,UIS_EST,
MENF.5T8,AUS,2002,173520,UIS_EST,
MENF.5T8,AUS,2003,181660,UIS_EST,
MENF.5T8,AUS,2004,157831,UIS_EST,
MENF.5T8,AUS,2005,167373,UIS_EST,
MENF.5T8,AUS,2006,174800,UIS_EST,
MENF.5T8,AUS,2007,201022,UIS_EST,
MENF.5T8,AUS,2008,220651,UIS_EST,
MENF.5T8,AUS,2009,247229,UIS_EST,
MENF.5T8,AUS,2010,260421,UIS_EST,
MENF.5T8,AUS,2011,251811,UIS_EST,
MENF.5T8,AUS,2012,238248,UIS_EST,
MENF.5T8,AUS,2013,237672,UIS_EST,
MENF.5T8,AUS,2014,253371,UIS_EST,
MENF.5T8,AUS,2015,281891,,
MENF.5T8,AUS,2016,322156,,
MENF.5T8,AUS,2017,367034,,
MENF.5T8,AUS,2018,430464,,
MENF.5T8,AUS,2019,495039,UIS_EST,
MENF.5T8,AUS,2020,443645,,
MENF.5T8,AUS,2021,364961,UIS_EST,
MENF.5T8,AUS,2022,368478,UIS_EST,
MENF.5T8,AUT,2000,16697,UIS_EST,
MENF.5T8,AUT,2001,17787,UIS_EST,
MENF.5T8,AUT,2002,14344,UIS_EST,
MENF.5T8,AUT,2003,16637,UIS_EST,
MENF.5T8,AUT,2004,20046,UIS_EST,
MENF.5T8,AUT,2006,25739,UIS_EST,
MENF.5T8,AUT,2007,29659,UIS_EST,
MENF.5T8,AUT,2008,39635.25,UIS_EST,
MENF.5T8,AUT,2009,45575,UIS_EST,
MENF.5T8,AUT,2010,54127,UIS_EST,
MENF.5T8,AUT,2011,55523,UIS_EST,
MENF.5T8,AUT,2012,42438,UIS_EST,
MENF.5T8,AUT,2013,54946.25,UIS_EST,
MENF.5T8,AUT,2014,48563.97265625,UIS_EST,
MENF.5T8,AUT,2015,50254.34765625,,
MENF.5T8,AUT,2016,52285.49609375,,
MENF.5T8,AUT,2017,54636.34375,,
MENF.5T8,AUT,2018,53628.93359375,,
MENF.5T8,AUT,2019,52403.9765625,UIS_EST,
MENF.5T8,AUT,2020,51760.890625,,
MENF.5T8,AUT,2021,56597.38671875,UIS_EST,
MENF.5T8,AUT,2022,58780.55078125,UIS_EST,
MENF.5T8,AZE,2006,-1237,UIS_EST,
MENF.5T8,AZE,2007,-863,UIS_EST,
MENF.5T8,AZE,2008,-2052,UIS_EST,
MENF.5T8,AZE,2009,-3974,UIS_EST,
MENF.5T8,AZE,2010,-8721,UIS_EST,
MENF.5T8,AZE,2011,-14055,UIS_EST,
MENF.5T8,AZE,2012,-12166,UIS_EST,
MENF.5T8,AZE,2013,-17870,UIS_EST,
MENF.5T8,AZE,2014,-28226,UIS_EST,
MENF.5T8,AZE,2015,-35780,,
MENF.5T8,AZE,2016,-39976,,
MENF.5T8,AZE,2017,-38519,,
MENF.5T8,AZE,2018,-39491,,
MENF.5T8,AZE,2019,-39331,UIS_EST,
MENF.5T8,AZE,2020,-36628,,
MENF.5T8,AZE,2021,-38476,UIS_EST,
MENF.5T8,AZE,2022,-43288,UIS_EST,
MENF.5T8,BDI,2000,-941,UIS_EST,
MENF.5T8,BDI,2002,-711,UIS_EST,
MENF.5T8,BDI,2010,-42,UIS_EST,
MENF.5T8,BDI,2013,574,UIS_EST,
MENF.5T8,BDI,2015,-915,,
MENF.5T8,BDI,2016,-1508,,
MENF.5T8,BDI,2017,-1351,,
MENF.5T8,BDI,2018,-1626,,
MENF.5T8,BEL,2000,28539,UIS_EST,
MENF.5T8,BEL,2001,27342,UIS_EST,
MENF.5T8,BEL,2002,29339,UIS_EST,
MENF.5T8,BEL,2003,29888,UIS_EST,
MENF.5T8,BEL,2004,15989,UIS_EST,
MENF.5T8,BEL,2005,10943,UIS_EST,
MENF.5T8,BEL,2006,14645,UIS_EST,
MENF.5T8,BEL,2007,14799,UIS_EST,
MENF.5T8,BEL,2008,19757,UIS_EST,
MENF.5T8,BEL,2009,23309,UIS_EST,
MENF.5T8,BEL,2010,24666,UIS_EST,
MENF.5T8,BEL,2011,25446,UIS_EST,
MENF.5T8,BEL,2012,29523,UIS_EST,
MENF.5T8,BEL,2013,36086,UIS_EST,
MENF.5T8,BEL,2014,42612,UIS_EST,
MENF.5T8,BEL,2015,42932,,
MENF.5T8,BEL,2016,46943,,
MENF.5T8,BEL,2017,29943,,
MENF.5T8,BEL,2018,38016,,
MENF.5T8,BEL,2019,35557,UIS_EST,
MENF.5T8,BEL,2020,37680,,
MENF.5T8,BEL,2021,35966,UIS_EST,
MENF.5T8,BEL,2022,38190,UIS_EST,
MENF.5T8,BEN,2008,-1617,UIS_EST,
MENF.5T8,BEN,2010,3918,UIS_EST,
MENF.5T8,BEN,2014,4387,UIS_EST,
MENF.5T8,BEN,2015,3993,,
MENF.5T8,BEN,2016,4557,,
MENF.5T8,BEN,2017,1433,,
MENF.5T8,BEN,2018,-1691,,
MENF.5T8,BEN,2019,-4063,UIS_EST,
MENF.5T8,BEN,2020,-5021,,
MENF.5T8,BEN,2021,-5632,UIS_EST,
MENF.5T8,BEN,2022,-6232,UIS_EST,
MENF.5T8,BFA,2005,-2224,UIS_EST,
MENF.5T8,BFA,2011,-1907,UIS_EST,
MENF.5T8,BFA,2012,-2133,UIS_EST,
MENF.5T8,BFA,2013,-2290,UIS_EST,
MENF.5T8,BFA,2014,-3854,UIS_EST,
MENF.5T8,BFA,2015,-3134,,
MENF.5T8,BFA,2016,-2933,,
MENF.5T8,BFA,2017,-2882,,
MENF.5T8,BFA,2018,-3401,,
MENF.5T8,BFA,2019,-4021,UIS_EST,
MENF.5T8,BFA,2020,-4508,,
MENF.5T8,BFA,2021,-4450,UIS_EST,
MENF.5T8,BFA,2022,-4788,UIS_EST,
MENF.5T8,BGD,2002,-12036,UIS_EST,
MENF.5T8,BGD,2003,-15735,UIS_EST,
MENF.5T8,BGD,2004,-14355,UIS_EST,
MENF.5T8,BGD,2005,-14089,UIS_EST,
MENF.5T8,BGD,2006,-13875,UIS_EST,
MENF.5T8,BGD,2007,-15327,UIS_EST,
MENF.5T8,BGD,2008,-15729,UIS_EST,
MENF.5T8,BGD,2009,-17761,UIS_EST,
MENF.5T8,BGD,2022,-61655,UIS_EST,
MENF.5T8,BGR,2000,-6470,UIS_EST,
MENF.5T8,BGR,2001,-7709,UIS_EST,
MENF.5T8,BGR,2002,-9215,UIS_EST,
MENF.5T8,BGR,2003,-10341,UIS_EST,
MENF.5T8,BGR,2004,-10419,UIS_EST,
MENF.5T8,BGR,2005,-10350,UIS_EST,
MENF.5T8,BGR,2006,-10152,UIS_EST,
MENF.5T8,BGR,2007,-10091,UIS_EST,
MENF.5T8,BGR,2008,-10348,UIS_EST,
MENF.5T8,BGR,2009,-11517,UIS_EST,
MENF.5T8,BGR,2010,-12250,UIS_EST,
MENF.5T8,BGR,2011,-13344,UIS_EST,
MENF.5T8,BGR,2012,-13875,UIS_EST,
MENF.5T8,BGR,2013,-13285,UIS_EST,
MENF.5T8,BGR,2014,-13236,UIS_EST,
MENF.5T8,BGR,2015,-12491,,
MENF.5T8,BGR,2016,-11928,,
MENF.5T8,BGR,2017,-11343,,
MENF.5T8,BGR,2018,-9924,,
MENF.5T8,BGR,2019,-8299,UIS_EST,
MENF.5T8,BGR,2020,-7891,,
MENF.5T8,BGR,2021,-7456,UIS_EST,
MENF.5T8,BGR,2022,-1002,UIS_EST,
MENF.5T8,BHR,2003,-1264,UIS_EST,
MENF.5T8,BHR,2005,-2543,UIS_EST,
MENF.5T8,BHR,2006,-2764,UIS_EST,
MENF.5T8,BHR,2014,-4,UIS_EST,
MENF.5T8,BHR,2015,-46,,
MENF.5T8,BHR,2016,-683,,
MENF.5T8,BHR,2017,-285,,
MENF.5T8,BHR,2018,216,,
MENF.5T8,BHR,2019,1411,UIS_EST,
MENF.5T8,BHR,2020,896,,
MENF.5T8,BHR,2021,784,UIS_EST,
MENF.5T8,BHR,2022,823,UIS_EST,
MENF.5T8,BIH,2011,-6288,UIS_EST,
MENF.5T8,BIH,2012,-4772,UIS_EST,
MENF.5T8,BIH,2013,-3466,UIS_EST,
MENF.5T8,BIH,2014,-2339,UIS_EST,
MENF.5T8,BIH,2015,-2971,,
MENF.5T8,BIH,2016,-4399,,
MENF.5T8,BIH,2017,-8161,,
MENF.5T8,BIH,2018,-8319,,
MENF.5T8,BIH,2019,-8745,UIS_EST,
MENF.5T8,BIH,2020,-9743,,
MENF.5T8,BIH,2021,-9563,UIS_EST,
MENF.5T8,BIH,2022,-9497,UIS_EST,
MENF.5T8,BLR,2000,-4588,UIS_EST,
MENF.5T8,BLR,2001,-5156,UIS_EST,
MENF.5T8,BLR,2002,-5866,UIS_EST,
MENF.5T8,BLR,2003,-6361,UIS_EST,
MENF.5T8,BLR,2004,-7604,UIS_EST,
MENF.5T8,BLR,2005,-6894,UIS_EST,
MENF.5T8,BLR,2006,-8133,UIS_EST,
MENF.5T8,BLR,2007,-9646,UIS_EST,
MENF.5T8,BLR,2008,-23208,UIS_EST,
MENF.5T8,BLR,2009,-21080,UIS_EST,
MENF.5T8,BLR,2010,-25831,UIS_EST,
MENF.5T8,BLR,2011,-30071,UIS_EST,
MENF.5T8,BLR,2012,-29326,UIS_EST,
MENF.5T8,BLR,2013,-24614,UIS_EST,
MENF.5T8,BLR,2014,-20179,UIS_EST,
MENF.5T8,BLR,2015,-13024,,
MENF.5T8,BLR,2016,-9220,,
MENF.5T8,BLR,2017,-4852,,
MENF.5T8,BLR,2018,-5867,,
MENF.5T8,BLR,2019,-5042,UIS_EST,
MENF.5T8,BLR,2020,-1806,,
MENF.5T8,BLR,2021,-2200,UIS_EST,
MENF.5T8,BLR,2022,-1330,UIS_EST,
MENF.5T8,BLZ,2022,-739,UIS_EST,
MENF.5T8,BMU,2009,-1082,UIS_EST,
MENF.5T8,BMU,2010,-1089,UIS_EST,
MENF.5T8,BMU,2011,-1137,UIS_EST,
MENF.5T8,BMU,2012,-1361,UIS_EST,
MENF.5T8,BMU,2014,-1397,UIS_EST,
MENF.5T8,BMU,2015,-1534,UIS_EST,
MENF.5T8,BMU,2017,-1489,,
MENF.5T8,BMU,2018,-1531,,
MENF.5T8,BRA,2002,-20462,UIS_EST,
MENF.5T8,BRA,2003,-21464,UIS_EST,
MENF.5T8,BRA,2004,-21164,UIS_EST,
MENF.5T8,BRA,2009,-15340,UIS_EST,
MENF.5T8,BRA,2010,-19070,UIS_EST,
MENF.5T8,BRA,2011,-22201,UIS_EST,
MENF.5T8,BRA,2012,-23300,UIS_EST,
MENF.5T8,BRA,2014,-26086,UIS_EST,
MENF.5T8,BRA,2015,-30555,,
MENF.5T8,BRA,2016,-31997,,
MENF.5T8,BRA,2017,-37633,,
MENF.5T8,BRA,2018,-48901,,
MENF.5T8,BRA,2019,-59908,UIS_EST,
MENF.5T8,BRA,2020,-66989,,
MENF.5T8,BRA,2021,-64856,UIS_EST,
MENF.5T8,BRA,2022,-63328,UIS_EST,
MENF.5T8,BRB,2001,-845,UIS_EST,
MENF.5T8,BRB,2007,-616,UIS_EST,
MENF.5T8,BRB,2009,130,UIS_EST,
MENF.5T8,BRB,2010,406,UIS_EST,
MENF.5T8,BRB,2011,472,UIS_EST,
MENF.5T8,BRN,2000,-2122,UIS_EST,
MENF.5T8,BRN,2001,-1862,UIS_EST,
MENF.5T8,BRN,2004,-1771,UIS_EST,
MENF.5T8,BRN,2005,-2324,UIS_EST,
MENF.5T8,BRN,2006,-2021,UIS_EST,
MENF.5T8,BRN,2007,-2388,UIS_EST,
MENF.5T8,BRN,2008,-2734,UIS_EST,
MENF.5T8,BRN,2009,-2825,UIS_EST,
MENF.5T8,BRN,2010,-3110,UIS_EST,
MENF.5T8,BRN,2011,-3053,UIS_EST,
MENF.5T8,BRN,2012,-3194,UIS_EST,
MENF.5T8,BRN,2014,-3121,UIS_EST,
MENF.5T8,BRN,2015,-2927,UIS_EST,
MENF.5T8,BRN,2016,-3175,,
MENF.5T8,BRN,2017,-2903,,
MENF.5T8,BRN,2018,-2256,,
MENF.5T8,BRN,2019,-1680,UIS_EST,
MENF.5T8,BRN,2020,-2159,,
MENF.5T8,BTN,2007,-1369,UIS_EST,
MENF.5T8,BTN,2021,-486,UIS_EST,
MENF.5T8,BWA,2005,-8768,UIS_EST,
MENF.5T8,BWA,2014,-2013,UIS_EST,
MENF.5T8,BWA,2015,-2239,,
MENF.5T8,BWA,2016,-1727,,
MENF.5T8,BWA,2017,-1386,,
MENF.5T8,BWA,2019,-1458,UIS_EST,
MENF.5T8,BWA,2020,-1321,,
MENF.5T8,BWA,2021,-1157,UIS_EST,
MENF.5T8,BWA,2022,-1090,UIS_EST,
MENF.5T8,CAF,2006,-1475,UIS_EST,
MENF.5T8,CAF,2012,-291,UIS_EST,
MENF.5T8,CAN,2000,5338,UIS_EST,
MENF.5T8,CAN,2001,8408,UIS_EST,
MENF.5T8,CAN,2002,11768,UIS_EST,
MENF.5T8,CAN,2003,19358,UIS_EST,
MENF.5T8,CAN,2004,24828,UIS_EST,
MENF.5T8,CAN,2005,25637,UIS_EST,
MENF.5T8,CAN,2006,23918,UIS_EST,
MENF.5T8,CAN,2007,47428,UIS_EST,
MENF.5T8,CAN,2008,47718,UIS_EST,
MENF.5T8,CAN,2009,48568,UIS_EST,
MENF.5T8,CAN,2010,59394,UIS_EST,
MENF.5T8,CAN,2011,74014,UIS_EST,
MENF.5T8,CAN,2012,88219,UIS_EST,
MENF.5T8,CAN,2013,104472,UIS_EST,
MENF.5T8,CAN,2014,116694,UIS_EST,
MENF.5T8,CAN,2015,121634,NAT_EST,
MENF.5T8,CAN,2016,138835,NAT_EST,
MENF.5T8,CAN,2017,160335,,
MENF.5T8,CAN,2018,176099.3125,,
MENF.5T8,CAN,2019,230061.859375,UIS_EST,
MENF.5T8,CAN,2020,271935,,
MENF.5T8,CAN,2021,264160,UIS_EST,
MENF.5T8,CAN,2022,285018,UIS_EST,
MENF.5T8,CHE,2000,18701,UIS_EST,
MENF.5T8,CHE,2001,19554,UIS_EST,
MENF.5T8,CHE,2002,20296,UIS_EST,
MENF.5T8,CHE,2003,23273,UIS_EST,
MENF.5T8,CHE,2004,25700,UIS_EST,
MENF.5T8,CHE,2005,27017,UIS_EST,
MENF.5T8,CHE,2006,26321,UIS_EST,
MENF.5T8,CHE,2007,27499,UIS_EST,
MENF.5T8,CHE,2008,20984,UIS_EST,
MENF.5T8,CHE,2009,23594,UIS_EST,
MENF.5T8,CHE,2010,26566,UIS_EST,
MENF.5T8,CHE,2011,29794,UIS_EST,
MENF.5T8,CHE,2012,32662,UIS_EST,
MENF.5T8,CHE,2013,34923,UIS_EST,
MENF.5T8,CHE,2014,37207,UIS_EST,
MENF.5T8,CHE,2015,37851,,
MENF.5T8,CHE,2016,38481,,
MENF.5T8,CHE,2017,38983,,
MENF.5T8,CHE,2018,37778,,
MENF.5T8,CHE,2019,38260,UIS_EST,
MENF.5T8,CHE,2020,39338,,
MENF.5T8,CHE,2021,42524,UIS_EST,
MENF.5T8,CHE,2022,45468,UIS_EST,
MENF.5T8,CHL,2000,-1810,UIS_EST,
MENF.5T8,CHL,2002,-1774,UIS_EST,
MENF.5T8,CHL,2003,-2474,UIS_EST,
MENF.5T8,CHL,2005,-7204,UIS_EST,
MENF.5T8,CHL,2007,-257,UIS_EST,
MENF.5T8,CHL,2008,2658,UIS_EST,
MENF.5T8,CHL,2009,-3366,UIS_EST,
MENF.5T8,CHL,2010,-2349,UIS_EST,
MENF.5T8,CHL,2011,-10182,UIS_EST,
MENF.5T8,CHL,2012,-9052,UIS_EST,
MENF.5T8,CHL,2013,-9936,UIS_EST,
MENF.5T8,CHL,2014,-9945,UIS_EST,
MENF.5T8,CHL,2015,-9619,,
MENF.5T8,CHL,2016,-9194,,
MENF.5T8,CHL,2017,-11028,,
MENF.5T8,CHL,2018,-10990,,
MENF.5T8,CHL,2019,-7027,UIS_EST,
MENF.5T8,CHL,2020,-5460,,
MENF.5T8,CHL,2021,-1556,UIS_EST,
MENF.5T8,CHL,2022,-2901,UIS_EST,
MENF.5T8,CHN,2006,-338174,,
MENF.5T8,CHN,2007,-369689,UIS_EST,
MENF.5T8,CHN,2008,-396067,UIS_EST,
MENF.5T8,CHN,2009,-447247,UIS_EST,
MENF.5T8,CHN,2010,-508869,UIS_EST,
MENF.5T8,CHN,2011,-555762,,
MENF.5T8,CHN,2012,-587885,,
MENF.5T8,CHN,2013,-622623,UIS_EST,
MENF.5T8,CHN,2014,-661752,UIS_EST,
MENF.5T8,CHN,2015,-695488,,
MENF.5T8,CHN,2016,-729324,,
MENF.5T8,CHN,2017,-771269,,
MENF.5T8,CHN,2018,-819387,,
MENF.5T8,CHN,2019,-858847,,
MENF.5T8,CHN,2020,-884224,,
MENF.5T8,CHN,2021,-817233,,
MENF.5T8,CHN,2022,-841380,,
MENF.5T8,CIV,2008,-576,UIS_EST,
MENF.5T8,CIV,2009,-7185,UIS_EST,
MENF.5T8,CIV,2010,-7649,UIS_EST,
MENF.5T8,CIV,2011,-8483,UIS_EST,
MENF.5T8,CIV,2012,-3450,UIS_EST,
MENF.5T8,CIV,2014,-7699,UIS_EST,
MENF.5T8,CIV,2015,-8123,,
MENF.5T8,CIV,2016,-8866,,
MENF.5T8,CIV,2017,-9180,,
MENF.5T8,CIV,2019,-9836,UIS_EST,
MENF.5T8,CIV,2020,-11815,,
MENF.5T8,CIV,2021,-15284,UIS_EST,
MENF.5T8,CIV,2022,-15058,UIS_EST,
MENF.5T8,CMR,2004,-15234,UIS_EST,
MENF.5T8,CMR,2005,-16202,UIS_EST,
MENF.5T8,CMR,2006,-17147,UIS_EST,
MENF.5T8,CMR,2007,-18177,UIS_EST,
MENF.5T8,CMR,2010,-20614,UIS_EST,
MENF.5T8,CMR,2011,-21071,UIS_EST,
MENF.5T8,CMR,2012,-20415,UIS_EST,
MENF.5T8,CMR,2016,-24212,,
MENF.5T8,CMR,2017,-23512,,
MENF.5T8,CMR,2018,-18268,,
MENF.5T8,CMR,2019,-13889,UIS_EST,
MENF.5T8,CMR,2020,-16331,,
MENF.5T8,CMR,2021,-18710,UIS_EST,
MENF.5T8,CMR,2022,-24377,UIS_EST,
MENF.5T8,COD,2008,-3590,UIS_EST,
MENF.5T8,COD,2011,-4200,UIS_EST,
MENF.5T8,COD,2013,-3139,UIS_EST,
MENF.5T8,COD,2016,-8169,,
MENF.5T8,COD,2020,-13869,,
MENF.5T8,COG,2003,-10496,UIS_EST,
MENF.5T8,COG,2004,-10376,UIS_EST,
MENF.5T8,COG,2011,-13731,UIS_EST,
MENF.5T8,COG,2013,-11898,UIS_EST,
MENF.5T8,COK,2000,-327,UIS_EST,
MENF.5T8,COK,2001,-293,UIS_EST,
MENF.5T8,COK,2002,-286,UIS_EST,
MENF.5T8,COK,2003,-293,UIS_EST,
MENF.5T8,COK,2004,-286,UIS_EST,
MENF.5T8,COK,2005,-270,UIS_EST,
MENF.5T8,COK,2006,-266,UIS_EST,
MENF.5T8,COK,2007,-242,UIS_EST,
MENF.5T8,COK,2008,-228,UIS_EST,
MENF.5T8,COK,2009,-215,UIS_EST,
MENF.5T8,COK,2010,-229,UIS_EST,
MENF.5T8,COK,2011,-209,UIS_EST,
MENF.5T8,COL,2014,-30988,UIS_EST,
MENF.5T8,COL,2015,-31831,,
MENF.5T8,COL,2016,-33547,,
MENF.5T8,COL,2017,-40985,,
MENF.5T8,COL,2018,-45111,,
MENF.5T8,COL,2019,-47847,UIS_EST,
MENF.5T8,COL,2020,-51850,,
MENF.5T8,COL,2021,-53079,UIS_EST,
MENF.5T8,COL,2022,-56492,UIS_EST,
MENF.5T8,COM,2009,-4944,UIS_EST,
MENF.5T8,COM,2010,-5559,UIS_EST,
MENF.5T8,COM,2011,-5780,UIS_EST,
MENF.5T8,COM,2012,-6178,UIS_EST,
MENF.5T8,COM,2014,-6970,UIS_EST,
MENF.5T8,CPV,2011,-3720,UIS_EST,
MENF.5T8,CPV,2012,-4098,UIS_EST,
MENF.5T8,CPV,2013,-4192,UIS_EST,
MENF.5T8,CPV,2014,-2993,UIS_EST,
MENF.5T8,CPV,2015,-2917,,
MENF.5T8,CPV,2016,-3294,,
MENF.5T8,CPV,2017,-3316,,
MENF.5T8,CPV,2018,-3528,,
MENF.5T8,CRI,2004,-679,UIS_EST,
MENF.5T8,CRI,2007,-1902,UIS_EST,
MENF.5T8,CRI,2008,-1088,UIS_EST,
MENF.5T8,CRI,2009,-1142,UIS_EST,
MENF.5T8,CRI,2017,-548,,
MENF.5T8,CRI,2018,-1271,,
MENF.5T8,CRI,2019,-1233,UIS_EST,
MENF.5T8,CRI,2020,-1479,,
MENF.5T8,CUB,2000,4390,UIS_EST,
MENF.5T8,CUB,2001,8306,UIS_EST,
MENF.5T8,CUB,2002,10193,UIS_EST,
MENF.5T8,CUB,2003,15345,UIS_EST,
MENF.5T8,CUB,2004,12381,UIS_EST,
MENF.5T8,CUB,2005,12991,UIS_EST,
MENF.5T8,CUB,2006,13498,UIS_EST,
MENF.5T8,CUB,2007,25296,UIS_EST,
MENF.5T8,CUB,2008,27923,UIS_EST,
MENF.5T8,CUB,2009,29008,UIS_EST,
MENF.5T8,CUB,2010,27937,UIS_EST,
MENF.5T8,CUB,2011,24924,UIS_EST,
MENF.5T8,CUB,2012,20501,UIS_EST,
MENF.5T8,CUB,2013,14603,UIS_EST,
MENF.5T8,CUB,2014,10891,UIS_EST,
MENF.5T8,CUB,2015,8744,,
MENF.5T8,CUB,2016,8085,,
MENF.5T8,CUB,2017,8143,,
MENF.5T8,CUB,2018,7540,,
MENF.5T8,CUB,2019,6838,UIS_EST,
MENF.5T8,CUB,2020,5165,,
MENF.5T8,CUB,2021,4182,UIS_EST,
MENF.5T8,CYM,2001,74,UIS_EST,
MENF.5T8,CYM,2006,-160,UIS_EST,
MENF.5T8,CYM,2007,-160,UIS_EST,
MENF.5T8,CYM,2008,-11,UIS_EST,
MENF.5T8,CYP,2000,-14715,UIS_EST,
MENF.5T8,CYP,2001,-14280,UIS_EST,
MENF.5T8,CYP,2002,-11124,UIS_EST,
MENF.5T8,CYP,2003,-11812,UIS_EST,
MENF.5T8,CYP,2004,-12425,UIS_EST,
MENF.5T8,CYP,2005,-16548,UIS_EST,
MENF.5T8,CYP,2006,-13987,UIS_EST,
MENF.5T8,CYP,2007,-17609,UIS_EST,
MENF.5T8,CYP,2008,-17293,UIS_EST,
MENF.5T8,CYP,2009,-15959,UIS_EST,
MENF.5T8,CYP,2010,-16859,UIS_EST,
MENF.5T8,CYP,2011,-18144,UIS_EST,
MENF.5T8,CYP,2012,-19515,UIS_EST,
MENF.5T8,CYP,2013,-21557,UIS_EST,
MENF.5T8,CYP,2014,-21206,UIS_EST,
MENF.5T8,CYP,2015,-19019,,
MENF.5T8,CYP,2016,-17711,,
MENF.5T8,CYP,2017,-14005,,
MENF.5T8,CYP,2018,-15228,,
MENF.5T8,CYP,2019,-13076,UIS_EST,
MENF.5T8,CYP,2020,-11530,,
MENF.5T8,CYP,2021,-15056,UIS_EST,
MENF.5T8,CYP,2022,-14854,UIS_EST,
MENF.5T8,CZE,2000,929,UIS_EST,
MENF.5T8,CZE,2001,2767,UIS_EST,
MENF.5T8,CZE,2002,4336,UIS_EST,
MENF.5T8,CZE,2003,4482,UIS_EST,
MENF.5T8,CZE,2004,9320,UIS_EST,
MENF.5T8,CZE,2005,12704,UIS_EST,
MENF.5T8,CZE,2006,15086,UIS_EST,
MENF.5T8,CZE,2007,17776,UIS_EST,
MENF.5T8,CZE,2008,18834,UIS_EST,
MENF.5T8,CZE,2009,20275,UIS_EST,
MENF.5T8,CZE,2010,23650,UIS_EST,
MENF.5T8,CZE,2011,26033,UIS_EST,
MENF.5T8,CZE,2012,27317,UIS_EST,
MENF.5T8,CZE,2013,27549,UIS_EST,
MENF.5T8,CZE,2014,28780,UIS_EST,
MENF.5T8,CZE,2015,29194,,
MENF.5T8,CZE,2016,30280,,
MENF.5T8,CZE,2017,31061,,
MENF.5T8,CZE,2018,32434,,
MENF.5T8,CZE,2019,33981,UIS_EST,
MENF.5T8,CZE,2020,35559,,
MENF.5T8,CZE,2021,38880,UIS_EST,
MENF.5T8,CZE,2022,41383,UIS_EST,
MENF.5T8,DEU,2013,76059,UIS_EST,
MENF.5T8,DEU,2014,91994,UIS_EST,
MENF.5T8,DEU,2015,111613,,
MENF.5T8,DEU,2016,126439,,
MENF.5T8,DEU,2017,135858,,
MENF.5T8,DEU,2018,189156,,
MENF.5T8,DEU,2019,210525,UIS_EST,
MENF.5T8,DEU,2020,245224,,
MENF.5T8,DEU,2021,250248,UIS_EST,
MENF.5T8,DEU,2022,277232,UIS_EST,
MENF.5T8,DJI,2000,-2443,UIS_EST,
MENF.5T8,DJI,2001,-2587,UIS_EST,
MENF.5T8,DJI,2002,-2789,UIS_EST,
MENF.5T8,DJI,2005,-3342,UIS_EST,
MENF.5T8,DJI,2006,-3689,UIS_EST,
MENF.5T8,DJI,2009,-2971,UIS_EST,
MENF.5T8,DJI,2011,-3039,UIS_EST,
MENF.5T8,DNK,2000,6466,UIS_EST,
MENF.5T8,DNK,2001,6356,UIS_EST,
MENF.5T8,DNK,2002,8064,UIS_EST,
MENF.5T8,DNK,2003,11575,UIS_EST,
MENF.5T8,DNK,2004,4658,UIS_EST,
MENF.5T8,DNK,2005,4951,UIS_EST,
MENF.5T8,DNK,2006,7050,UIS_EST,
MENF.5T8,DNK,2007,7657,UIS_EST,
MENF.5T8,DNK,2008,1333,UIS_EST,
MENF.5T8,DNK,2009,7286,UIS_EST,
MENF.5T8,DNK,2010,12607,UIS_EST,
MENF.5T8,DNK,2011,14086,UIS_EST,
MENF.5T8,DNK,2012,16478,UIS_EST,
MENF.5T8,DNK,2013,24187,UIS_EST,
MENF.5T8,DNK,2014,24472,UIS_EST,
MENF.5T8,DNK,2015,27218,,
MENF.5T8,DNK,2016,28957,,
MENF.5T8,DNK,2017,28283,,
MENF.5T8,DNK,2018,27342,,
MENF.5T8,DNK,2019,26527,UIS_EST,
MENF.5T8,DNK,2020,25443,,
MENF.5T8,DNK,2021,24996,UIS_EST,
MENF.5T8,DNK,2022,25379,UIS_EST,
MENF.5T8,DOM,2012,11681,UIS_EST,
MENF.5T8,DOM,2014,6320,UIS_EST,
MENF.5T8,DOM,2015,5764,,
MENF.5T8,DOM,2016,5979,,
MENF.5T8,DOM,2017,5176,,
MENF.5T8,DOM,2020,6164,,
MENF.5T8,DOM,2021,9283,UIS_EST,
MENF.5T8,DOM,2022,49565,UIS_EST,
MENF.5T8,DZA,2004,-19899,UIS_EST,
MENF.5T8,DZA,2005,-19379,UIS_EST,
MENF.5T8,DZA,2006,-19159,UIS_EST,
MENF.5T8,DZA,2007,-17381,UIS_EST,
MENF.5T8,DZA,2009,-16486,UIS_EST,
MENF.5T8,DZA,2010,-16324,UIS_EST,
MENF.5T8,DZA,2011,-17478,UIS_EST,
MENF.5T8,DZA,2012,-17606,UIS_EST,
MENF.5T8,DZA,2013,-13702,UIS_EST,
MENF.5T8,DZA,2014,-12740,,
MENF.5T8,DZA,2015,-12504,,
MENF.5T8,DZA,2016,-14725,,
MENF.5T8,DZA,2017,-17160,,
MENF.5T8,DZA,2018,-21346,,
MENF.5T8,DZA,2019,-23103,UIS_EST,
MENF.5T8,DZA,2020,-23306,,
MENF.5T8,DZA,2021,-23747,UIS_EST,
MENF.5T8,DZA,2022,-28097,UIS_EST,
MENF.5T8,ECU,2012,-9816,UIS_EST,
MENF.5T8,ECU,2014,-11427,UIS_EST,
MENF.5T8,ECU,2015,-10895,,
MENF.5T8,ECU,2016,-10551,,
MENF.5T8,ECU,2018,-16615,,
MENF.5T8,ECU,2019,-17494,UIS_EST,
MENF.5T8,ECU,2020,-19085,,
MENF.5T8,ECU,2022,-24988,UIS_EST,
MENF.5T8,EGY,2003,17603,UIS_EST,
MENF.5T8,EGY,2004,19520,UIS_EST,
MENF.5T8,EGY,2005,20955,UIS_EST,
MENF.5T8,EGY,2006,23379,UIS_EST,
MENF.5T8,EGY,2007,24049,UIS_EST,
MENF.5T8,EGY,2010,35060,UIS_EST,
MENF.5T8,EGY,2013,23767,UIS_EST,
MENF.5T8,EGY,2014,23897,UIS_EST,
MENF.5T8,EGY,2016,19666,,
MENF.5T8,EGY,2020,-19707,,
MENF.5T8,EGY,2022,457,UIS_EST,
MENF.5T8,ERI,2000,-632,UIS_EST,
MENF.5T8,ESP,2000,13325,UIS_EST,
MENF.5T8,ESP,2001,12490,UIS_EST,
MENF.5T8,ESP,2002,17774,UIS_EST,
MENF.5T8,ESP,2003,25893,UIS_EST,
MENF.5T8,ESP,2004,-9763,UIS_EST,
MENF.5T8,ESP,2005,-7033,UIS_EST,
MENF.5T8,ESP,2006,-6448,UIS_EST,
MENF.5T8,ESP,2007,6916,UIS_EST,
MENF.5T8,ESP,2008,14425,UIS_EST,
MENF.5T8,ESP,2009,24503,UIS_EST,
MENF.5T8,ESP,2010,30674,UIS_EST,
MENF.5T8,ESP,2011,34855,UIS_EST,
MENF.5T8,ESP,2012,25018,UIS_EST,
MENF.5T8,ESP,2013,26250,UIS_EST,
MENF.5T8,ESP,2016,11681,,
MENF.5T8,ESP,2017,23299,,
MENF.5T8,ESP,2018,28582,,
MENF.5T8,ESP,2019,34005,UIS_EST,
MENF.5T8,ESP,2020,34950,,
MENF.5T8,ESP,2021,33698,UIS_EST,
MENF.5T8,ESP,2022,40854,UIS_EST,
MENF.5T8,EST,2000,-2697,UIS_EST,
MENF.5T8,EST,2001,-3430,UIS_EST,
MENF.5T8,EST,2002,-3032,UIS_EST,
MENF.5T8,EST,2003,-2862,UIS_EST,
MENF.5T8,EST,2004,-2427,UIS_EST,
MENF.5T8,EST,2005,-2240,UIS_EST,
MENF.5T8,EST,2006,-2186,UIS_EST,
MENF.5T8,EST,2007,-2209,UIS_EST,
MENF.5T8,EST,2008,-2385,UIS_EST,
MENF.5T8,EST,2009,-2630,UIS_EST,
MENF.5T8,EST,2010,-2758,UIS_EST,
MENF.5T8,EST,2011,-2849,UIS_EST,
MENF.5T8,EST,2012,-2889,UIS_EST,
MENF.5T8,EST,2013,-2303,UIS_EST,
MENF.5T8,EST,2014,-1960,UIS_EST,
MENF.5T8,EST,2015,-1474,,
MENF.5T8,EST,2016,-546,,
MENF.5T8,EST,2017,21.5,,
MENF.5T8,EST,2018,686,,
MENF.5T8,EST,2019,1426,UIS_EST,
MENF.5T8,EST,2020,1772,,
MENF.5T8,EST,2021,1496,UIS_EST,
MENF.5T8,EST,2022,1534,UIS_EST,
MENF.5T8,FIN,2000,-4318,UIS_EST,
MENF.5T8,FIN,2001,-3522,UIS_EST,
MENF.5T8,FIN,2002,-3275,UIS_EST,
MENF.5T8,FIN,2003,-2914,UIS_EST,
MENF.5T8,FIN,2004,2122,UIS_EST,
MENF.5T8,FIN,2005,2732,UIS_EST,
MENF.5T8,FIN,2006,5479,UIS_EST,
MENF.5T8,FIN,2007,3937,UIS_EST,
MENF.5T8,FIN,2008,4642,UIS_EST,
MENF.5T8,FIN,2009,5404,UIS_EST,
MENF.5T8,FIN,2010,6572,UIS_EST,
MENF.5T8,FIN,2011,7911,UIS_EST,
MENF.5T8,FIN,2012,9403,UIS_EST,
MENF.5T8,FIN,2013,13565,UIS_EST,
MENF.5T8,FIN,2014,13919,UIS_EST,
MENF.5T8,FIN,2015,13804,,
MENF.5T8,FIN,2016,13017,,
MENF.5T8,FIN,2017,13198,,
MENF.5T8,FIN,2018,12385,,
MENF.5T8,FIN,2019,12453,UIS_EST,
MENF.5T8,FIN,2020,12594,,
MENF.5T8,FIN,2021,14466,UIS_EST,
MENF.5T8,FIN,2022,17401,UIS_EST,
MENF.5T8,FJI,2004,2583,UIS_EST,
MENF.5T8,FJI,2008,5730,UIS_EST,
MENF.5T8,FRA,2000,87104,UIS_EST,
MENF.5T8,FRA,2001,94683,UIS_EST,
MENF.5T8,FRA,2002,110146,UIS_EST,
MENF.5T8,FRA,2003,164696,UIS_EST,
MENF.5T8,FRA,2004,191533,UIS_EST,
MENF.5T8,FRA,2005,187746,UIS_EST,
MENF.5T8,FRA,2006,194013,UIS_EST,
MENF.5T8,FRA,2007,191637,UIS_EST,
MENF.5T8,FRA,2008,196220,UIS_EST,
MENF.5T8,FRA,2009,195662,UIS_EST,
MENF.5T8,FRA,2010,202514,UIS_EST,
MENF.5T8,FRA,2011,207921,UIS_EST,
MENF.5T8,FRA,2012,207054,UIS_EST,
MENF.5T8,FRA,2013,151696,UIS_EST,
MENF.5T8,FRA,2014,152847,UIS_EST,
MENF.5T8,FRA,2015,152529,,
MENF.5T8,FRA,2016,154324,,
MENF.5T8,FRA,2017,163436,,
MENF.5T8,FRA,2018,129867,,
MENF.5T8,FRA,2019,143180,UIS_EST,
MENF.5T8,FRA,2020,143571,,
MENF.5T8,FRA,2021,147210,UIS_EST,
MENF.5T8,FRA,2022,149943.640625,UIS_EST,
MENF.5T8,GAB,2001,-3319,UIS_EST,
MENF.5T8,GAB,2003,-4353,UIS_EST,
MENF.5T8,GBR,2000,201670,UIS_EST,
MENF.5T8,GBR,2001,200779,UIS_EST,
MENF.5T8,GBR,2002,198386,UIS_EST,
MENF.5T8,GBR,2003,225538,UIS_EST,
MENF.5T8,GBR,2004,276708,UIS_EST,
MENF.5T8,GBR,2005,295790,UIS_EST,
MENF.5T8,GBR,2006,307229,UIS_EST,
MENF.5T8,GBR,2007,326991,UIS_EST,
MENF.5T8,GBR,2008,319716,UIS_EST,
MENF.5T8,GBR,2009,345115,UIS_EST,
MENF.5T8,GBR,2010,365320,UIS_EST,
MENF.5T8,GBR,2011,391144,UIS_EST,
MENF.5T8,GBR,2012,401064,UIS_EST,
MENF.5T8,GBR,2013,388063,UIS_EST,
MENF.5T8,GBR,2014,398651,UIS_EST,
MENF.5T8,GBR,2015,399352,,
MENF.5T8,GBR,2016,397490,,
MENF.5T8,GBR,2017,399175,,
MENF.5T8,GBR,2018,412814,,
MENF.5T8,GBR,2019,449552,UIS_EST,
MENF.5T8,GBR,2020,510789,,
MENF.5T8,GBR,2021,561016,UIS_EST,
MENF.5T8,GBR,2022,633392,UIS_EST,
MENF.5T8,GEO,2000,-4920,UIS_EST,
MENF.5T8,GEO,2001,-4659,UIS_EST,
MENF.5T8,GEO,2002,-4650,UIS_EST,
MENF.5T8,GEO,2003,-4921,UIS_EST,
MENF.5T8,GEO,2004,-5191,UIS_EST,
MENF.5T8,GEO,2005,-5747,UIS_EST,
MENF.5T8,GEO,2006,-6128,UIS_EST,
MENF.5T8,GEO,2007,-6769,UIS_EST,
MENF.5T8,GEO,2008,-7059,UIS_EST,
MENF.5T8,GEO,2009,-7771,UIS_EST,
MENF.5T8,GEO,2010,-7396,UIS_EST,
MENF.5T8,GEO,2011,-6583,UIS_EST,
MENF.5T8,GEO,2012,-8199,UIS_EST,
MENF.5T8,GEO,2013,-3763,UIS_EST,
MENF.5T8,GEO,2015,-4091,,
MENF.5T8,GEO,2016,-2299,,
MENF.5T8,GEO,2017,-3340,,
MENF.5T8,GEO,2018,-439,,
MENF.5T8,GEO,2019,2480,UIS_EST,
MENF.5T8,GEO,2020,3900,,
MENF.5T8,GEO,2021,5454,UIS_EST,
MENF.5T8,GEO,2022,8652,UIS_EST,
MENF.5T8,GHA,2007,-7261,UIS_EST,
MENF.5T8,GHA,2008,-6409,UIS_EST,
MENF.5T8,GHA,2011,-4568,UIS_EST,
MENF.5T8,GHA,2012,-1284,UIS_EST,
MENF.5T8,GHA,2013,38,UIS_EST,
MENF.5T8,GHA,2014,3589,UIS_EST,
MENF.5T8,GHA,2015,4443,,
MENF.5T8,GHA,2016,2028,,
MENF.5T8,GHA,2017,-1923,,
MENF.5T8,GHA,2018,-6414,,
MENF.5T8,GHA,2019,-10439,UIS_EST,
MENF.5T8,GHA,2020,-13384,,
MENF.5T8,GHA,2021,-15168,UIS_EST,
MENF.5T8,GHA,2022,-16901,UIS_EST,
MENF.5T8,GIB,2000,-16,UIS_EST,
MENF.5T8,GIB,2001,-18,UIS_EST,
MENF.5T8,GIB,2002,-20,UIS_EST,
MENF.5T8,GIB,2003,-21,UIS_EST,
MENF.5T8,GIB,2008,-664,UIS_EST,
MENF.5T8,GIB,2016,-1750,,
MENF.5T8,GIB,2020,-1215,,
MENF.5T8,GIN,2004,-3533,UIS_EST,
MENF.5T8,GIN,2006,-4150,UIS_EST,
MENF.5T8,GIN,2008,-5024,UIS_EST,
MENF.5T8,GIN,2011,-5860,UIS_EST,
MENF.5T8,GIN,2012,-6200,UIS_EST,
MENF.5T8,GIN,2017,-8634,,
MENF.5T8,GIN,2022,-7593,UIS_EST,
MENF.5T8,GMB,2000,-749,UIS_EST,
MENF.5T8,GRC,2002,-40923,UIS_EST,
MENF.5T8,GRC,2003,-32667,UIS_EST,
MENF.5T8,GRC,2004,-27785,UIS_EST,
MENF.5T8,GRC,2005,-21819,UIS_EST,
MENF.5T8,GRC,2006,-17482,UIS_EST,
MENF.5T8,GRC,2007,-10539,UIS_EST,
MENF.5T8,GRC,2010,-2102,UIS_EST,
MENF.5T8,GRC,2011,3407,UIS_EST,
MENF.5T8,GRC,2012,-5091,UIS_EST,
MENF.5T8,GRC,2013,-6338,UIS_EST,
MENF.5T8,GRC,2016,-11978,,
MENF.5T8,GRC,2017,-12899,,
MENF.5T8,GRC,2018,-12784,,
MENF.5T8,GRC,2019,-11803,UIS_EST,
MENF.5T8,GRC,2020,-18017,,
MENF.5T8,GRC,2021,-16812,UIS_EST,
MENF.5T8,GRC,2022,-11699,UIS_EST,
MENF.5T8,GRD,2009,3599,UIS_EST,
MENF.5T8,GRD,2015,5817,UIS_EST,
MENF.5T8,GRD,2016,5793,,
MENF.5T8,GRD,2017,6058,,
MENF.5T8,GRD,2018,7395,,
MENF.5T8,GTM,2019,-2404,UIS_EST,
MENF.5T8,GUY,2004,-1106,UIS_EST,
MENF.5T8,GUY,2005,-1105,UIS_EST,
MENF.5T8,GUY,2007,-1448,UIS_EST,
MENF.5T8,GUY,2009,-1657,UIS_EST,
MENF.5T8,GUY,2010,-872,UIS_EST,
MENF.5T8,GUY,2011,-1714,UIS_EST,
MENF.5T8,GUY,2012,-1648,UIS_EST,
MENF.5T8,HKG,2001,-26743,UIS_EST,
MENF.5T8,HKG,2002,-29200,UIS_EST,
MENF.5T8,HKG,2003,-31696,UIS_EST,
MENF.5T8,HKG,2004,-30564,UIS_EST,
MENF.5T8,HKG,2005,-30163,UIS_EST,
MENF.5T8,HKG,2006,-26600,UIS_EST,
MENF.5T8,HKG,2007,-27280,UIS_EST,
MENF.5T8,HKG,2008,-26375,UIS_EST,
MENF.5T8,HKG,2009,-24015,UIS_EST,
MENF.5T8,HKG,2010,-22686,UIS_EST,
MENF.5T8,HKG,2011,-13427,UIS_EST,
MENF.5T8,HKG,2012,-9820,UIS_EST,
MENF.5T8,HKG,2013,-5484,UIS_EST,
MENF.5T8,HKG,2014,-4010,UIS_EST,
MENF.5T8,HKG,2015,-4458,,
MENF.5T8,HKG,2016,-5321,,
MENF.5T8,HKG,2017,-2239.35791015625,,
MENF.5T8,HKG,2018,735.6199951171875,UIS_EST,
MENF.5T8,HKG,2019,6367.01123046875,UIS_EST,
MENF.5T8,HKG,2020,11934,UIS_EST,
MENF.5T8,HKG,2021,12334,UIS_EST,
MENF.5T8,HKG,2022,16695,UIS_EST,
MENF.5T8,HND,2003,-2187,UIS_EST,
MENF.5T8,HND,2010,-2710,UIS_EST,
MENF.5T8,HND,2012,-2638,UIS_EST,
MENF.5T8,HND,2013,-2458,UIS_EST,
MENF.5T8,HND,2014,-2920,UIS_EST,
MENF.5T8,HND,2015,-3134,,
MENF.5T8,HND,2016,-2346,,
MENF.5T8,HND,2017,-2265,,
MENF.5T8,HND,2018,-2792,,
MENF.5T8,HND,2019,-3258,UIS_EST,
MENF.5T8,HRV,2001,-5246,UIS_EST,
MENF.5T8,HRV,2002,-7366,UIS_EST,
MENF.5T8,HRV,2003,-5671,UIS_EST,
MENF.5T8,HRV,2005,-5219,UIS_EST,
MENF.5T8,HRV,2006,-5322,UIS_EST,
MENF.5T8,HRV,2007,-5339,UIS_EST,
MENF.5T8,HRV,2008,-4217,UIS_EST,
MENF.5T8,HRV,2009,-8521,UIS_EST,
MENF.5T8,HRV,2010,-8502,UIS_EST,
MENF.5T8,HRV,2011,-8744,UIS_EST,
MENF.5T8,HRV,2012,-7711,UIS_EST,
MENF.5T8,HRV,2013,-8036,UIS_EST,
MENF.5T8,HRV,2014,-8197,UIS_EST,
MENF.5T8,HRV,2015,-8025,,
MENF.5T8,HRV,2016,-8536,,
MENF.5T8,HRV,2017,-4916,,
MENF.5T8,HRV,2018,-4745,,
MENF.5T8,HRV,2019,-4452,UIS_EST,
MENF.5T8,HRV,2020,-5264,,
MENF.5T8,HRV,2021,-6173,UIS_EST,
MENF.5T8,HRV,2022,-4312,UIS_EST,
MENF.5T8,HUN,2000,3974,UIS_EST,
MENF.5T8,HUN,2001,4982,UIS_EST,
MENF.5T8,HUN,2002,5270,UIS_EST,
MENF.5T8,HUN,2003,5675,UIS_EST,
MENF.5T8,HUN,2004,6898,UIS_EST,
MENF.5T8,HUN,2005,7301,UIS_EST,
MENF.5T8,HUN,2006,8070,UIS_EST,
MENF.5T8,HUN,2007,8396,UIS_EST,
MENF.5T8,HUN,2008,8680,UIS_EST,
MENF.5T8,HUN,2009,7264,UIS_EST,
MENF.5T8,HUN,2010,7765,UIS_EST,
MENF.5T8,HUN,2011,8362,UIS_EST,
MENF.5T8,HUN,2012,9627,UIS_EST,
MENF.5T8,HUN,2013,11851,UIS_EST,
MENF.5T8,HUN,2014,13641,UIS_EST,
MENF.5T8,HUN,2015,11064,,
MENF.5T8,HUN,2016,14520,,
MENF.5T8,HUN,2017,16229,,
MENF.5T8,HUN,2018,19461,,
MENF.5T8,HUN,2019,22505,UIS_EST,
MENF.5T8,HUN,2020,24693,,
MENF.5T8,HUN,2021,24158,UIS_EST,
MENF.5T8,HUN,2022,26432,UIS_EST,
MENF.5T8,IDN,2005,-29840,UIS_EST,
MENF.5T8,IDN,2006,-26287,UIS_EST,
MENF.5T8,IDN,2007,-28710,UIS_EST,
MENF.5T8,IDN,2008,-29806,UIS_EST,
MENF.5T8,IDN,2010,-31123,UIS_EST,
MENF.5T8,IDN,2012,-29164,UIS_EST,
MENF.5T8,IDN,2015,-37545,,
MENF.5T8,IDN,2016,-40102,,
MENF.5T8,IDN,2017,-40787,,
MENF.5T8,IDN,2018,-44143,,
MENF.5T8,IND,2000,-59904,UIS_EST,
MENF.5T8,IND,2001,-76464,UIS_EST,
MENF.5T8,IND,2002,-95829,UIS_EST,
MENF.5T8,IND,2003,-112309,UIS_EST,
MENF.5T8,IND,2004,-127872,UIS_EST,
MENF.5T8,IND,2005,-136196,UIS_EST,
MENF.5T8,IND,2006,-135340,UIS_EST,
MENF.5T8,IND,2011,-174913,UIS_EST,
MENF.5T8,IND,2012,-162145,UIS_EST,
MENF.5T8,IND,2013,-157208,UIS_EST,
MENF.5T8,IND,2014,-178104,UIS_EST,
MENF.5T8,IND,2015,-216288,,
MENF.5T8,IND,2016,-262035,,
MENF.5T8,IND,2017,-296386,,
MENF.5T8,IND,2018,-333589,,
MENF.5T8,IND,2019,-415267,UIS_EST,
MENF.5T8,IND,2020,-473116,,
MENF.5T8,IND,2021,-467047,UIS_EST,
MENF.5T8,IND,2022,-574964,UIS_EST,
MENF.5T8,IRL,2000,-10177,UIS_EST,
MENF.5T8,IRL,2001,-7323,UIS_EST,
MENF.5T8,IRL,2002,-6000,UIS_EST,
MENF.5T8,IRL,2003,-5607,UIS_EST,
MENF.5T8,IRL,2004,-4710,UIS_EST,
MENF.5T8,IRL,2005,-6225,UIS_EST,
MENF.5T8,IRL,2006,-7022,UIS_EST,
MENF.5T8,IRL,2007,-2501,UIS_EST,
MENF.5T8,IRL,2008,-5259,UIS_EST,
MENF.5T8,IRL,2009,-5531,UIS_EST,
MENF.5T8,IRL,2010,-6443,UIS_EST,
MENF.5T8,IRL,2011,495,UIS_EST,
MENF.5T8,IRL,2012,-7463,UIS_EST,
MENF.5T8,IRL,2013,-3523,UIS_EST,
MENF.5T8,IRL,2014,-1140,UIS_EST,
MENF.5T8,IRL,2015,740,,
MENF.5T8,IRL,2016,3163,,
MENF.5T8,IRL,2017,4908,,
MENF.5T8,IRL,2018,7301,,
MENF.5T8,IRL,2019,9366,UIS_EST,
MENF.5T8,IRL,2020,8962,,
MENF.5T8,IRL,2021,7345,UIS_EST,
MENF.5T8,IRL,2022,10165,UIS_EST,
MENF.5T8,IRN,2003,-17817,UIS_EST,
MENF.5T8,IRN,2004,-19053,UIS_EST,
MENF.5T8,IRN,2005,-21346,UIS_EST,
MENF.5T8,IRN,2006,-22701,UIS_EST,
MENF.5T8,IRN,2007,-27311,UIS_EST,
MENF.5T8,IRN,2008,-31911,UIS_EST,
MENF.5T8,IRN,2009,-38270,UIS_EST,
MENF.5T8,IRN,2010,-41341,UIS_EST,
MENF.5T8,IRN,2011,-46419,UIS_EST,
MENF.5T8,IRN,2012,-47386,UIS_EST,
MENF.5T8,IRN,2013,-42440,UIS_EST,
MENF.5T8,IRN,2014,-39540,UIS_EST,
MENF.5T8,IRN,2015,-37374,,
MENF.5T8,IRN,2016,-34075,,
MENF.5T8,IRN,2017,-32180,,
MENF.5T8,IRN,2018,-36323,,
MENF.5T8,IRN,2019,-38108,UIS_EST,
MENF.5T8,IRN,2020,-44309,,
MENF.5T8,IRQ,2000,3329,UIS_EST,
MENF.5T8,IRQ,2004,-625,UIS_EST,
MENF.5T8,ISL,2000,-1953,UIS_EST,
MENF.5T8,ISL,2001,-2188,UIS_EST,
MENF.5T8,ISL,2002,-2447,UIS_EST,
MENF.5T8,ISL,2003,-2524,UIS_EST,
MENF.5T8,ISL,2004,-1682,UIS_EST,
MENF.5T8,ISL,2006,-1710,UIS_EST,
MENF.5T8,ISL,2007,-1695,UIS_EST,
MENF.5T8,ISL,2008,-1689,UIS_EST,
MENF.5T8,ISL,2009,-1850,UIS_EST,
MENF.5T8,ISL,2010,-1890,UIS_EST,
MENF.5T8,ISL,2011,-1606,UIS_EST,
MENF.5T8,ISL,2012,-1550,UIS_EST,
MENF.5T8,ISL,2013,-1592,UIS_EST,
MENF.5T8,ISL,2014,-1263,UIS_EST,
MENF.5T8,ISL,2016,-1401,,
MENF.5T8,ISL,2017,-1411,,
MENF.5T8,ISL,2018,-1873,,
MENF.5T8,ISL,2019,-1160,UIS_EST,
MENF.5T8,ISL,2020,-1112,,
MENF.5T8,ISL,2021,-1027,UIS_EST,
MENF.5T8,ISL,2022,-577,UIS_EST,
MENF.5T8,ISR,2010,-10935,UIS_EST,
MENF.5T8,ISR,2011,-10211,UIS_EST,
MENF.5T8,ISR,2012,-10528,UIS_EST,
MENF.5T8,ISR,2013,-3602,UIS_EST,
MENF.5T8,ISR,2014,-3613,UIS_EST,
MENF.5T8,ISR,2020,-5213,,
MENF.5T8,ISR,2021,-5162,UIS_EST,
MENF.5T8,ISR,2022,-5817,UIS_EST,
MENF.5T8,ITA,2000,-14303,UIS_EST,
MENF.5T8,ITA,2001,-10726,UIS_EST,
MENF.5T8,ITA,2002,-11088,UIS_EST,
MENF.5T8,ITA,2003,-4569,UIS_EST,
MENF.5T8,ITA,2004,8504,UIS_EST,
MENF.5T8,ITA,2005,12974,UIS_EST,
MENF.5T8,ITA,2006,17634,UIS_EST,
MENF.5T8,ITA,2007,24183,UIS_EST,
MENF.5T8,ITA,2008,35287,UIS_EST,
MENF.5T8,ITA,2009,29109,UIS_EST,
MENF.5T8,ITA,2010,29202,UIS_EST,
MENF.5T8,ITA,2011,29370,UIS_EST,
MENF.5T8,ITA,2012,29803,UIS_EST,
MENF.5T8,ITA,2013,32089,UIS_EST,
MENF.5T8,ITA,2014,32614,UIS_EST,
MENF.5T8,ITA,2015,29446,,
MENF.5T8,ITA,2016,25393,,
MENF.5T8,ITA,2017,22701,,
MENF.5T8,ITA,2018,30412,,
MENF.5T8,ITA,2019,-25294,UIS_EST,
MENF.5T8,ITA,2020,-26005,,
MENF.5T8,ITA,2021,-12558,UIS_EST,
MENF.5T8,ITA,2022,3477,UIS_EST,
MENF.5T8,JAM,2000,-4264,UIS_EST,
MENF.5T8,JAM,2019,1110,UIS_EST,
MENF.5T8,JOR,2000,311,UIS_EST,
MENF.5T8,JOR,2003,3431,UIS_EST,
MENF.5T8,JOR,2004,10931,UIS_EST,
MENF.5T8,JOR,2005,8974,UIS_EST,
MENF.5T8,JOR,2006,8399,UIS_EST,
MENF.5T8,JOR,2007,8942,UIS_EST,
MENF.5T8,JOR,2008,12603,UIS_EST,
MENF.5T8,JOR,2009,12663,UIS_EST,
MENF.5T8,JOR,2010,11887,UIS_EST,
MENF.5T8,JOR,2011,8767,UIS_EST,
MENF.5T8,JOR,2012,10595,UIS_EST,
MENF.5T8,JOR,2015,17752,,
MENF.5T8,JOR,2016,22203,,
MENF.5T8,JOR,2017,14501,,
MENF.5T8,JOR,2018,17993,,
MENF.5T8,JOR,2019,12325,UIS_EST,
MENF.5T8,JOR,2020,9178,,
MENF.5T8,JOR,2021,9932,UIS_EST,
MENF.5T8,JOR,2022,5948,UIS_EST,
MENF.5T8,JPN,2013,102363,UIS_EST,
MENF.5T8,JPN,2014,98784,UIS_EST,
MENF.5T8,JPN,2015,101401,,
MENF.5T8,JPN,2016,111778,,
MENF.5T8,JPN,2017,132567,,
MENF.5T8,JPN,2018,150645,,
MENF.5T8,JPN,2019,170687,UIS_EST,
MENF.5T8,JPN,2020,189786,,
MENF.5T8,JPN,2021,186848,UIS_EST,
MENF.5T8,JPN,2022,168012,UIS_EST,
MENF.5T8,KAZ,2000,-12210,UIS_EST,
MENF.5T8,KAZ,2001,-17731,UIS_EST,
MENF.5T8,KAZ,2003,-19212,UIS_EST,
MENF.5T8,KAZ,2004,-18837,UIS_EST,
MENF.5T8,KAZ,2005,-20010,UIS_EST,
MENF.5T8,KAZ,2006,-16323,UIS_EST,
MENF.5T8,KAZ,2007,-17401,UIS_EST,
MENF.5T8,KAZ,2008,-35881,UIS_EST,
MENF.5T8,KAZ,2009,-25473,UIS_EST,
MENF.5T8,KAZ,2010,-27293,UIS_EST,
MENF.5T8,KAZ,2011,-31883,UIS_EST,
MENF.5T8,KAZ,2012,-33462,UIS_EST,
MENF.5T8,KAZ,2013,-45462,UIS_EST,
MENF.5T8,KAZ,2014,-56020,UIS_EST,
MENF.5T8,KAZ,2015,-68276,,
MENF.5T8,KAZ,2016,-77680,,
MENF.5T8,KAZ,2017,-71009,,
MENF.5T8,KAZ,2018,-73787,,
MENF.5T8,KAZ,2019,-66619,UIS_EST,
MENF.5T8,KAZ,2020,-39159,,
MENF.5T8,KEN,2016,-9317,,
MENF.5T8,KEN,2017,-9894,,
MENF.5T8,KEN,2019,-9701,UIS_EST,
MENF.5T8,KGZ,2001,4601,UIS_EST,
MENF.5T8,KGZ,2002,8334,UIS_EST,
MENF.5T8,KGZ,2003,10554,UIS_EST,
MENF.5T8,KGZ,2004,13017,UIS_EST,
MENF.5T8,KGZ,2005,20481,UIS_EST,
MENF.5T8,KGZ,2006,23670,UIS_EST,
MENF.5T8,KGZ,2007,23121,UIS_EST,
MENF.5T8,KGZ,2008,21286,UIS_EST,
MENF.5T8,KGZ,2009,15763,UIS_EST,
MENF.5T8,KGZ,2010,11437,UIS_EST,
MENF.5T8,KGZ,2011,7551,UIS_EST,
MENF.5T8,KGZ,2012,4249,UIS_EST,
MENF.5T8,KGZ,2013,5351,UIS_EST,
MENF.5T8,KGZ,2014,3703,UIS_EST,
MENF.5T8,KGZ,2015,3269,,
MENF.5T8,KGZ,2016,3339,,
MENF.5T8,KGZ,2017,3739,,
MENF.5T8,KGZ,2018,3712,,
MENF.5T8,KGZ,2019,6599,UIS_EST,
MENF.5T8,KGZ,2020,22757,,
MENF.5T8,KGZ,2021,46247,UIS_EST,
MENF.5T8,KGZ,2022,63577,UIS_EST,
MENF.5T8,KHM,2001,-1742,UIS_EST,
MENF.5T8,KHM,2002,-1870,UIS_EST,
MENF.5T8,KHM,2004,-2327,UIS_EST,
MENF.5T8,KHM,2006,-2453,UIS_EST,
MENF.5T8,KHM,2021,-6896,UIS_EST,
MENF.5T8,KIR,2000,-917,UIS_EST,
MENF.5T8,KIR,2001,-907,UIS_EST,
MENF.5T8,KIR,2002,-900,UIS_EST,
MENF.5T8,KIR,2003,-900,UIS_EST,
MENF.5T8,KIR,2004,-924,UIS_EST,
MENF.5T8,KIR,2005,-906,UIS_EST,
MENF.5T8,KIR,2006,-926,UIS_EST,
MENF.5T8,KIR,2007,-946,UIS_EST,
MENF.5T8,KIR,2008,-983,UIS_EST,
MENF.5T8,KIR,2012,-1088,UIS_EST,
MENF.5T8,KNA,2001,-401,UIS_EST,
MENF.5T8,KNA,2002,-436,UIS_EST,
MENF.5T8,KNA,2003,-406,UIS_EST,
MENF.5T8,KNA,2004,-406,UIS_EST,
MENF.5T8,KNA,2005,-470,UIS_EST,
MENF.5T8,KNA,2006,-503,UIS_EST,
MENF.5T8,KNA,2007,-542,UIS_EST,
MENF.5T8,KNA,2008,-506,UIS_EST,
MENF.5T8,KNA,2014,2089,UIS_EST,
MENF.5T8,KOR,2000,-66099,UIS_EST,
MENF.5T8,KOR,2001,-72474,UIS_EST,
MENF.5T8,KOR,2002,-78174,UIS_EST,
MENF.5T8,KOR,2003,-79628,UIS_EST,
MENF.5T8,KOR,2004,-78598,UIS_EST,
MENF.5T8,KOR,2005,-78533,UIS_EST,
MENF.5T8,KOR,2006,-77339,UIS_EST,
MENF.5T8,KOR,2007,-74137,UIS_EST,
MENF.5T8,KOR,2008,-71095,UIS_EST,
MENF.5T8,KOR,2009,-68652,UIS_EST,
MENF.5T8,KOR,2010,-59006,UIS_EST,
MENF.5T8,KOR,2011,-54777,UIS_EST,
MENF.5T8,KOR,2012,-53377,UIS_EST,
MENF.5T8,KOR,2013,-58334,UIS_EST,
MENF.5T8,KOR,2014,-57663,UIS_EST,
MENF.5T8,KOR,2015,-53324,,
MENF.5T8,KOR,2016,-43593,,
MENF.5T8,KOR,2017,-34662,,
MENF.5T8,KOR,2018,-16952,,
MENF.5T8,KOR,2019,-2730,UIS_EST,
MENF.5T8,KOR,2020,9457,,
MENF.5T8,KOR,2021,29362,UIS_EST,
MENF.5T8,KOR,2022,35745,UIS_EST,
MENF.5T8,KWT,2008,-5384,UIS_EST,
MENF.5T8,KWT,2009,-655,UIS_EST,
MENF.5T8,LAO,2000,-1184,UIS_EST,
MENF.5T8,LAO,2001,-1016,UIS_EST,
MENF.5T8,LAO,2002,-1041,UIS_EST,
MENF.5T8,LAO,2003,-1399,UIS_EST,
MENF.5T8,LAO,2004,-1671,UIS_EST,
MENF.5T8,LAO,2005,-2083,UIS_EST,
MENF.5T8,LAO,2006,-2733,UIS_EST,
MENF.5T8,LAO,2007,-3167,UIS_EST,
MENF.5T8,LAO,2008,-3479,UIS_EST,
MENF.5T8,LAO,2009,-3531,UIS_EST,
MENF.5T8,LAO,2010,-3093,UIS_EST,
MENF.5T8,LAO,2011,-3333,UIS_EST,
MENF.5T8,LAO,2012,-3772,UIS_EST,
MENF.5T8,LAO,2013,-4519,UIS_EST,
MENF.5T8,LAO,2014,-2845,UIS_EST,
MENF.5T8,LAO,2015,-3214,,
MENF.5T8,LAO,2016,-5839,,
MENF.5T8,LAO,2017,-4631,,
MENF.5T8,LAO,2018,-6120,,
MENF.5T8,LAO,2019,-7823,UIS_EST,
MENF.5T8,LAO,2020,-8890,,
MENF.5T8,LBN,2000,4971,UIS_EST,
MENF.5T8,LBN,2001,4502,UIS_EST,
MENF.5T8,LBN,2002,3415,UIS_EST,
MENF.5T8,LBN,2003,-650,UIS_EST,
MENF.5T8,LBN,2004,698,UIS_EST,
MENF.5T8,LBN,2005,1103,UIS_EST,
MENF.5T8,LBN,2006,3506,UIS_EST,
MENF.5T8,LBN,2007,9064,UIS_EST,
MENF.5T8,LBN,2010,17365,UIS_EST,
MENF.5T8,LBN,2011,20090,UIS_EST,
MENF.5T8,LBN,2012,14520,UIS_EST,
MENF.5T8,LBN,2014,3532,UIS_EST,
MENF.5T8,LBN,2015,6577,,
MENF.5T8,LBN,2016,3410,,
MENF.5T8,LBN,2017,1707,,
MENF.5T8,LBN,2018,3248,,
MENF.5T8,LBN,2019,4604,UIS_EST,
MENF.5T8,LBN,2020,2028,,
MENF.5T8,LBN,2021,9660,UIS_EST,
MENF.5T8,LBN,2022,12144,UIS_EST,
MENF.5T8,LCA,2004,-1096,UIS_EST,
MENF.5T8,LCA,2006,-989,UIS_EST,
MENF.5T8,LCA,2007,-1178,UIS_EST,
MENF.5T8,LCA,2008,-970,UIS_EST,
MENF.5T8,LCA,2009,-1046,UIS_EST,
MENF.5T8,LCA,2010,-880,UIS_EST,
MENF.5T8,LCA,2011,-897,UIS_EST,
MENF.5T8,LCA,2012,-799,UIS_EST,
MENF.5T8,LCA,2013,-569,UIS_EST,
MENF.5T8,LCA,2014,-285,UIS_EST,
MENF.5T8,LCA,2015,-308,UIS_EST,
MENF.5T8,LCA,2016,-75,,
MENF.5T8,LCA,2017,-361,,
MENF.5T8,LCA,2018,-574,,
MENF.5T8,LCA,2019,-396,UIS_EST,
MENF.5T8,LCA,2020,-498,,
MENF.5T8,LCA,2022,-660,UIS_EST,
MENF.5T8,LIE,2004,-269,UIS_EST,
MENF.5T8,LIE,2006,-287,UIS_EST,
MENF.5T8,LIE,2007,-313,UIS_EST,
MENF.5T8,LIE,2008,-215,UIS_EST,
MENF.5T8,LIE,2009,-340,UIS_EST,
MENF.5T8,LIE,2010,-379,UIS_EST,
MENF.5T8,LIE,2011,-207,UIS_EST,
MENF.5T8,LIE,2012,-164,UIS_EST,
MENF.5T8,LIE,2014,-261,UIS_EST,
MENF.5T8,LIE,2015,-347,UIS_EST,
MENF.5T8,LIE,2016,-340,,
MENF.5T8,LIE,2017,-334,,
MENF.5T8,LIE,2018,-334,,
MENF.5T8,LIE,2019,-392,UIS_EST,
MENF.5T8,LIE,2020,-369,,
MENF.5T8,LIE,2021,-378,UIS_EST,
MENF.5T8,LKA,2011,-15976,UIS_EST,
MENF.5T8,LKA,2012,-16096,UIS_EST,
MENF.5T8,LKA,2013,-15302,UIS_EST,
MENF.5T8,LKA,2014,-15477,UIS_EST,
MENF.5T8,LKA,2015,-16507,,
MENF.5T8,LKA,2016,-17662,,
MENF.5T8,LKA,2017,-19780,,
MENF.5T8,LKA,2018,-23213,,
MENF.5T8,LKA,2019,-27266,UIS_EST,
MENF.5T8,LKA,2020,-29562,,
MENF.5T8,LKA,2021,-27734,UIS_EST,
MENF.5T8,LKA,2022,-29765,UIS_EST,
MENF.5T8,LSO,2003,-4595,UIS_EST,
MENF.5T8,LSO,2006,-3933,UIS_EST,
MENF.5T8,LSO,2012,-2801,UIS_EST,
MENF.5T8,LSO,2013,-2810,UIS_EST,
MENF.5T8,LSO,2014,-2852,UIS_EST,
MENF.5T8,LSO,2015,-2725,UIS_EST,
MENF.5T8,LSO,2017,-2984,,
MENF.5T8,LSO,2018,-2984,,
MENF.5T8,LTU,2000,-3469,UIS_EST,
MENF.5T8,LTU,2001,-4269,UIS_EST,
MENF.5T8,LTU,2002,-4589,UIS_EST,
MENF.5T8,LTU,2003,-5304,UIS_EST,
MENF.5T8,LTU,2004,-4872,UIS_EST,
MENF.5T8,LTU,2005,-5056,UIS_EST,
MENF.5T8,LTU,2006,-4742,UIS_EST,
MENF.5T8,LTU,2007,-4343,UIS_EST,
MENF.5T8,LTU,2008,-3715,UIS_EST,
MENF.5T8,LTU,2009,-4638,UIS_EST,
MENF.5T8,LTU,2010,-5563,UIS_EST,
MENF.5T8,LTU,2011,-7190,UIS_EST,
MENF.5T8,LTU,2012,-8864,UIS_EST,
MENF.5T8,LTU,2013,-8114,UIS_EST,
MENF.5T8,LTU,2015,-6326,,
MENF.5T8,LTU,2016,-5202,,
MENF.5T8,LTU,2017,-4626,,
MENF.5T8,LTU,2018,-4108,,
MENF.5T8,LTU,2019,-3772,UIS_EST,
MENF.5T8,LTU,2020,-3839,,
MENF.5T8,LTU,2021,-2218,UIS_EST,
MENF.5T8,LTU,2022,926,UIS_EST,
MENF.5T8,LUX,2006,-6708,UIS_EST,
MENF.5T8,LUX,2008,-5602,UIS_EST,
MENF.5T8,LUX,2010,-5094,UIS_EST,
MENF.5T8,LUX,2012,-5245,UIS_EST,
MENF.5T8,LUX,2013,-6103,UIS_EST,
MENF.5T8,LUX,2014,-6626,UIS_EST,
MENF.5T8,LUX,2015,-6896,,
MENF.5T8,LUX,2016,-7321,,
MENF.5T8,LUX,2017,-7723,,
MENF.5T8,LUX,2018,-8223,,
MENF.5T8,LUX,2019,-8651,UIS_EST,
MENF.5T8,LUX,2020,-9111,,
MENF.5T8,LUX,2021,-9309,UIS_EST,
MENF.5T8,LUX,2022,-9440.5,UIS_EST,
MENF.5T8,LVA,2000,3231,UIS_EST,
MENF.5T8,LVA,2001,4804,UIS_EST,
MENF.5T8,LVA,2002,234,UIS_EST,
MENF.5T8,LVA,2003,-1047,UIS_EST,
MENF.5T8,LVA,2004,-1876,UIS_EST,
MENF.5T8,LVA,2005,-1566,UIS_EST,
MENF.5T8,LVA,2007,-2345,UIS_EST,
MENF.5T8,LVA,2008,-2583,UIS_EST,
MENF.5T8,LVA,2009,-2716,UIS_EST,
MENF.5T8,LVA,2010,-3325,UIS_EST,
MENF.5T8,LVA,2011,-4061,UIS_EST,
MENF.5T8,LVA,2012,-3674,UIS_EST,
MENF.5T8,LVA,2013,-2858,UIS_EST,
MENF.5T8,LVA,2014,-1544,UIS_EST,
MENF.5T8,LVA,2015,-545,,
MENF.5T8,LVA,2016,857,,
MENF.5T8,LVA,2017,814,,
MENF.5T8,LVA,2018,2354,,
MENF.5T8,LVA,2019,3401,UIS_EST,
MENF.5T8,LVA,2020,4857,,
MENF.5T8,LVA,2021,4647,UIS_EST,
MENF.5T8,LVA,2022,4799,UIS_EST,
MENF.5T8,MAC,2001,6739,UIS_EST,
MENF.5T8,MAC,2002,12160,UIS_EST,
MENF.5T8,MAC,2003,16581,UIS_EST,
MENF.5T8,MAC,2004,13766,UIS_EST,
MENF.5T8,MAC,2005,11724,UIS_EST,
MENF.5T8,MAC,2006,11057,UIS_EST,
MENF.5T8,MAC,2007,10681,UIS_EST,
MENF.5T8,MAC,2008,11271,UIS_EST,
MENF.5T8,MAC,2009,12793,UIS_EST,
MENF.5T8,MAC,2010,11759,UIS_EST,
MENF.5T8,MAC,2011,11787,UIS_EST,
MENF.5T8,MAC,2012,6333,UIS_EST,
MENF.5T8,MAC,2013,7142,UIS_EST,
MENF.5T8,MAC,2014,8799,UIS_EST,
MENF.5T8,MAC,2015,9533,UIS_EST,
MENF.5T8,MAC,2016,10896,,
MENF.5T8,MAC,2017,11318,,
MENF.5T8,MAC,2018,13442,UIS_EST,
MENF.5T8,MAC,2019,15176,UIS_EST,
MENF.5T8,MAC,2020,17388,UIS_EST,
MENF.5T8,MAC,2021,20651,UIS_EST,
MENF.5T8,MAC,2022,25949,UIS_EST,
MENF.5T8,MAR,2000,-35570,UIS_EST,
MENF.5T8,MAR,2001,-38471,UIS_EST,
MENF.5T8,MAR,2003,-46691,UIS_EST,
MENF.5T8,MAR,2004,-37548,UIS_EST,
MENF.5T8,MAR,2005,-36021,UIS_EST,
MENF.5T8,MAR,2006,-36098,UIS_EST,
MENF.5T8,MAR,2007,-32516,UIS_EST,
MENF.5T8,MAR,2008,-33487,UIS_EST,
MENF.5T8,MAR,2009,-33799,UIS_EST,
MENF.5T8,MAR,2010,-34202,UIS_EST,
MENF.5T8,MAR,2013,-30405,UIS_EST,
MENF.5T8,MAR,2014,-28225,UIS_EST,
MENF.5T8,MAR,2015,-29613,,
MENF.5T8,MAR,2016,-30583,,
MENF.5T8,MAR,2017,-31162,,
MENF.5T8,MAR,2018,-32503,,
MENF.5T8,MAR,2019,-34625,UIS_EST,
MENF.5T8,MAR,2020,-38376,,
MENF.5T8,MAR,2021,-46332,UIS_EST,
MENF.5T8,MAR,2022,-50705,UIS_EST,
MENF.5T8,MCO,2017,-432,,
MENF.5T8,MCO,2020,-282,,
MENF.5T8,MCO,2021,-173,UIS_EST,
MENF.5T8,MCO,2022,415,UIS_EST,
MENF.5T8,MDA,2000,-7563,UIS_EST,
MENF.5T8,MDA,2001,-5723,UIS_EST,
MENF.5T8,MDA,2002,-5547,UIS_EST,
MENF.5T8,MDA,2003,-6302,UIS_EST,
MENF.5T8,MDA,2004,-6748,UIS_EST,
MENF.5T8,MDA,2005,-7637,UIS_EST,
MENF.5T8,MDA,2006,-7633,UIS_EST,
MENF.5T8,MDA,2007,-8198,UIS_EST,
MENF.5T8,MDA,2008,-13417,UIS_EST,
MENF.5T8,MDA,2009,-11286,UIS_EST,
MENF.5T8,MDA,2010,-13561,UIS_EST,
MENF.5T8,MDA,2011,-16106,UIS_EST,
MENF.5T8,MDA,2012,-15147,UIS_EST,
MENF.5T8,MDA,2013,-16490,UIS_EST,
MENF.5T8,MDA,2014,-18750,UIS_EST,
MENF.5T8,MDA,2015,-16937,,
MENF.5T8,MDA,2016,-16408,,
MENF.5T8,MDA,2017,-14813,,
MENF.5T8,MDA,2018,-16516,,
MENF.5T8,MDA,2019,-12331,UIS_EST,
MENF.5T8,MDA,2020,-14639,,
MENF.5T8,MDA,2021,-14934,UIS_EST,
MENF.5T8,MDA,2022,-13916,UIS_EST,
MENF.5T8,MDG,2002,-2225,UIS_EST,
MENF.5T8,MDG,2004,-2842,UIS_EST,
MENF.5T8,MDG,2005,-3019,UIS_EST,
MENF.5T8,MDG,2006,-3172,UIS_EST,
MENF.5T8,MDG,2007,-3176,UIS_EST,
MENF.5T8,MDG,2008,-3184,UIS_EST,
MENF.5T8,MDG,2009,-3092,UIS_EST,
MENF.5T8,MDG,2010,-3064,UIS_EST,
MENF.5T8,MDG,2011,-3390,UIS_EST,
MENF.5T8,MDG,2012,-3352,UIS_EST,
MENF.5T8,MDG,2013,-2633,UIS_EST,
MENF.5T8,MDG,2014,-2392,UIS_EST,
MENF.5T8,MDG,2015,-2352,,
MENF.5T8,MDG,2016,-2426,,
MENF.5T8,MDG,2017,-2413,,
MENF.5T8,MDG,2018,-2723,,
MENF.5T8,MDG,2019,-1862,UIS_EST,
MENF.5T8,MDG,2020,-3612,,
MENF.5T8,MDG,2022,-4370,UIS_EST,
MENF.5T8,MDV,2000,-950,UIS_EST,
MENF.5T8,MDV,2001,-907,UIS_EST,
MENF.5T8,MDV,2002,-1218,UIS_EST,
MENF.5T8,MDV,2003,-1222,UIS_EST,
MENF.5T8,MEX,2001,-16888,UIS_EST,
MENF.5T8,MEX,2002,-19598,UIS_EST,
MENF.5T8,MEX,2013,-20056,UIS_EST,
MENF.5T8,MEX,2015,-20150,,
MENF.5T8,MEX,2016,-20547,,
MENF.5T8,MEX,2017,-9119,,
MENF.5T8,MEX,2018,-26412,,
MENF.5T8,MEX,2019,-919,UIS_EST,
MENF.5T8,MEX,2020,8557,,
MENF.5T8,MEX,2021,18373,UIS_EST,
MENF.5T8,MEX,2022,22648,UIS_EST,
MENF.5T8,MHL,2012,-239,UIS_EST,
MENF.5T8,MHL,2019,-88,UIS_EST,
MENF.5T8,MHL,2022,-316,UIS_EST,
MENF.5T8,MKD,2000,-4099,UIS_EST,
MENF.5T8,MKD,2001,-4268,UIS_EST,
MENF.5T8,MKD,2002,-4263,UIS_EST,
MENF.5T8,MKD,2003,-4925,UIS_EST,
MENF.5T8,MKD,2004,-5632,UIS_EST,
MENF.5T8,MKD,2005,-6188,UIS_EST,
MENF.5T8,MKD,2006,-6717,UIS_EST,
MENF.5T8,MKD,2007,-5709,UIS_EST,
MENF.5T8,MKD,2008,-4457,UIS_EST,
MENF.5T8,MKD,2009,-4219,UIS_EST,
MENF.5T8,MKD,2011,-2892,UIS_EST,
MENF.5T8,MKD,2012,-3125,UIS_EST,
MENF.5T8,MKD,2013,-2637,UIS_EST,
MENF.5T8,MKD,2014,-2106,UIS_EST,
MENF.5T8,MKD,2015,-2512,,
MENF.5T8,MKD,2017,-2577,,
MENF.5T8,MKD,2018,-2611,,
MENF.5T8,MKD,2019,-2441,UIS_EST,
MENF.5T8,MKD,2020,-3004,,
MENF.5T8,MKD,2021,-1783,UIS_EST,
MENF.5T8,MKD,2022,-976,UIS_EST,
MENF.5T8,MLI,2000,-1927,UIS_EST,
MENF.5T8,MLI,2011,-5665,UIS_EST,
MENF.5T8,MLI,2012,-5972,UIS_EST,
MENF.5T8,MLI,2013,-6536,UIS_EST,
MENF.5T8,MLI,2014,-7415,UIS_EST,
MENF.5T8,MLI,2015,-8070,,
MENF.5T8,MLT,2000,-255,UIS_EST,
MENF.5T8,MLT,2001,-270,UIS_EST,
MENF.5T8,MLT,2002,-292,UIS_EST,
MENF.5T8,MLT,2003,-194,UIS_EST,
MENF.5T8,MLT,2004,-250,UIS_EST,
MENF.5T8,MLT,2005,-173,UIS_EST,
MENF.5T8,MLT,2006,-307,UIS_EST,
MENF.5T8,MLT,2007,-405,UIS_EST,
MENF.5T8,MLT,2008,-572,UIS_EST,
MENF.5T8,MLT,2009,-680,UIS_EST,
MENF.5T8,MLT,2011,-784,UIS_EST,
MENF.5T8,MLT,2012,-776,UIS_EST,
MENF.5T8,MLT,2013,-1267,UIS_EST,
MENF.5T8,MLT,2014,-494,UIS_EST,
MENF.5T8,MLT,2015,-355,UIS_EST,
MENF.5T8,MLT,2016,99,,
MENF.5T8,MLT,2017,127,,
MENF.5T8,MLT,2018,372,,
MENF.5T8,MLT,2019,804.8599853515625,UIS_EST,
MENF.5T8,MLT,2020,1199.832275390625,,
MENF.5T8,MLT,2021,1855.199951171875,UIS_EST,
MENF.5T8,MLT,2022,3396.10009765625,UIS_EST,
MENF.5T8,MMR,2007,-3684,UIS_EST,
MENF.5T8,MMR,2011,-7116,UIS_EST,
MENF.5T8,MMR,2012,-6959,UIS_EST,
MENF.5T8,MMR,2018,-10245,,
MENF.5T8,MNG,2000,-1979,UIS_EST,
MENF.5T8,MNG,2001,-2332,UIS_EST,
MENF.5T8,MNG,2003,-3149,UIS_EST,
MENF.5T8,MNG,2004,-3263,UIS_EST,
MENF.5T8,MNG,2005,-3330,UIS_EST,
MENF.5T8,MNG,2006,-3533,UIS_EST,
MENF.5T8,MNG,2007,-4417,UIS_EST,
MENF.5T8,MNG,2008,-6600,UIS_EST,
MENF.5T8,MNG,2009,-7733,UIS_EST,
MENF.5T8,MNG,2010,-8729,UIS_EST,
MENF.5T8,MNG,2011,-9340,UIS_EST,
MENF.5T8,MNG,2012,-9241,UIS_EST,
MENF.5T8,MNG,2013,-8041,UIS_EST,
MENF.5T8,MNG,2014,-8476,UIS_EST,
MENF.5T8,MNG,2015,-8485,,
MENF.5T8,MNG,2016,-8701,,
MENF.5T8,MNG,2017,-9060,,
MENF.5T8,MNG,2018,-10357,,
MENF.5T8,MNG,2019,-11156,UIS_EST,
MENF.5T8,MNG,2022,-14376,UIS_EST,
MENF.5T8,MOZ,2011,-1777,UIS_EST,
MENF.5T8,MOZ,2013,-1604,UIS_EST,
MENF.5T8,MOZ,2014,-1551,UIS_EST,
MENF.5T8,MOZ,2016,-2003,,
MENF.5T8,MOZ,2017,-2436,,
MENF.5T8,MOZ,2018,-2403,,
MENF.5T8,MRT,2002,-2230,UIS_EST,
MENF.5T8,MRT,2003,-2546,UIS_EST,
MENF.5T8,MRT,2015,-4650,,
MENF.5T8,MRT,2016,-4559,,
MENF.5T8,MRT,2017,-4629,,
MENF.5T8,MRT,2019,-5260,UIS_EST,
MENF.5T8,MRT,2020,-5766,,
MENF.5T8,MSR,2000,-17,UIS_EST,
MENF.5T8,MSR,2001,-19,UIS_EST,
MENF.5T8,MSR,2002,-20,UIS_EST,
MENF.5T8,MSR,2003,-25,UIS_EST,
MENF.5T8,MSR,2004,-55,UIS_EST,
MENF.5T8,MSR,2005,-65,UIS_EST,
MENF.5T8,MSR,2006,-52,UIS_EST,
MENF.5T8,MSR,2007,-54,UIS_EST,
MENF.5T8,MSR,2009,-54,UIS_EST,
MENF.5T8,MSR,2019,-37,UIS_EST,
MENF.5T8,MUS,2004,-8192,UIS_EST,
MENF.5T8,MUS,2006,-8577,UIS_EST,
MENF.5T8,MUS,2009,-8296,UIS_EST,
MENF.5T8,MUS,2010,-7651,UIS_EST,
MENF.5T8,MUS,2011,-7186,UIS_EST,
MENF.5T8,MUS,2012,-6507,UIS_EST,
MENF.5T8,MUS,2013,-6056,UIS_EST,
MENF.5T8,MUS,2014,-5862,UIS_EST,
MENF.5T8,MUS,2015,-5946,,
MENF.5T8,MUS,2016,-5969,,
MENF.5T8,MUS,2017,-6537,,
MENF.5T8,MUS,2020,-4841,,
MENF.5T8,MUS,2021,-3906,UIS_EST,
MENF.5T8,MUS,2022,-3015,UIS_EST,
MENF.5T8,MWI,2010,-3247,UIS_EST,
MENF.5T8,MYS,2000,-26960,UIS_EST,
MENF.5T8,MYS,2001,-29640,UIS_EST,
MENF.5T8,MYS,2002,-19634,UIS_EST,
MENF.5T8,MYS,2003,-19742,UIS_EST,
MENF.5T8,MYS,2004,-25341,UIS_EST,
MENF.5T8,MYS,2006,-24795,UIS_EST,
MENF.5T8,MYS,2007,-22265,UIS_EST,
MENF.5T8,MYS,2008,-15030,UIS_EST,
MENF.5T8,MYS,2009,-2004,UIS_EST,
MENF.5T8,MYS,2010,5475,UIS_EST,
MENF.5T8,MYS,2011,4506,UIS_EST,
MENF.5T8,MYS,2012,-2912,UIS_EST,
MENF.5T8,MYS,2014,37114,UIS_EST,
MENF.5T8,MYS,2015,46692,,
MENF.5T8,MYS,2016,59023,,
MENF.5T8,MYS,2017,36957,,
MENF.5T8,MYS,2019,21320,UIS_EST,
MENF.5T8,MYS,2020,32136,,
MENF.5T8,MYS,2021,44316,UIS_EST,
MENF.5T8,MYS,2022,52494,UIS_EST,
MENF.5T8,NAM,2002,-5426,UIS_EST,
MENF.5T8,NAM,2003,-6483,UIS_EST,
MENF.5T8,NAM,2005,-6175,UIS_EST,
MENF.5T8,NAM,2006,-7914,UIS_EST,
MENF.5T8,NAM,2008,-7043,UIS_EST,
MENF.5T8,NAM,2012,-1067,UIS_EST,
MENF.5T8,NAM,2013,-1324,UIS_EST,
MENF.5T8,NAM,2014,-643,UIS_EST,
MENF.5T8,NAM,2015,-1057,,
MENF.5T8,NAM,2016,-1491,,
MENF.5T8,NAM,2017,-1694,,
MENF.5T8,NAM,2018,-2659,,
MENF.5T8,NAM,2019,-1839,UIS_EST,
MENF.5T8,NAM,2020,-2099,,
MENF.5T8,NAM,2022,-1434,UIS_EST,
MENF.5T8,NER,2000,-2803,UIS_EST,
MENF.5T8,NER,2004,-3345,UIS_EST,
MENF.5T8,NER,2007,-4233,UIS_EST,
MENF.5T8,NER,2009,-3203,UIS_EST,
MENF.5T8,NER,2010,-3408,UIS_EST,
MENF.5T8,NER,2011,-3568,UIS_EST,
MENF.5T8,NER,2012,-3252,UIS_EST,
MENF.5T8,NER,2015,-4512,,
MENF.5T8,NER,2016,-3668,,
MENF.5T8,NER,2017,-3179,,
MENF.5T8,NER,2018,-2294,,
MENF.5T8,NER,2019,-3148,UIS_EST,
MENF.5T8,NIU,2000,-56,UIS_EST,
MENF.5T8,NIU,2001,-62,UIS_EST,
MENF.5T8,NIU,2002,-69,UIS_EST,
MENF.5T8,NIU,2003,-66,UIS_EST,
MENF.5T8,NIU,2004,-59,UIS_EST,
MENF.5T8,NIU,2005,-54,UIS_EST,
MENF.5T8,NIU,2006,-48,UIS_EST,
MENF.5T8,NIU,2007,-44,UIS_EST,
MENF.5T8,NIU,2008,-43,UIS_EST,
MENF.5T8,NIU,2016,-39,,
MENF.5T8,NLD,2000,2746,UIS_EST,
MENF.5T8,NLD,2001,5532,UIS_EST,
MENF.5T8,NLD,2002,7704,UIS_EST,
MENF.5T8,NLD,2003,8915,UIS_EST,
MENF.5T8,NLD,2004,18542,UIS_EST,
MENF.5T8,NLD,2005,17051,UIS_EST,
MENF.5T8,NLD,2006,16994,UIS_EST,
MENF.5T8,NLD,2007,16918,UIS_EST,
MENF.5T8,NLD,2008,21708,UIS_EST,
MENF.5T8,NLD,2009,12386,UIS_EST,
MENF.5T8,NLD,2010,15319,UIS_EST,
MENF.5T8,NLD,2011,24755,UIS_EST,
MENF.5T8,NLD,2012,42541,UIS_EST,
MENF.5T8,NLD,2013,55289,UIS_EST,
MENF.5T8,NLD,2014,55854,UIS_EST,
MENF.5T8,NLD,2015,70965,,
MENF.5T8,NLD,2016,72884,,
MENF.5T8,NLD,2017,77799,,
MENF.5T8,NLD,2018,86468,,
MENF.5T8,NLD,2019,88396,UIS_EST,
MENF.5T8,NLD,2020,105431,,
MENF.5T8,NLD,2021,117179,UIS_EST,
MENF.5T8,NOR,2000,-4544,UIS_EST,
MENF.5T8,NOR,2001,-5718,UIS_EST,
MENF.5T8,NOR,2002,-6114,UIS_EST,
MENF.5T8,NOR,2003,-4276,UIS_EST,
MENF.5T8,NOR,2004,-882,UIS_EST,
MENF.5T8,NOR,2005,1092,UIS_EST,
MENF.5T8,NOR,2006,2349,UIS_EST,
MENF.5T8,NOR,2007,3742,UIS_EST,
MENF.5T8,NOR,2008,4854,UIS_EST,
MENF.5T8,NOR,2009,5147,UIS_EST,
MENF.5T8,NOR,2010,1833,UIS_EST,
MENF.5T8,NOR,2011,1165,UIS_EST,
MENF.5T8,NOR,2012,1933,UIS_EST,
MENF.5T8,NOR,2013,-8917,UIS_EST,
MENF.5T8,NOR,2014,-9079,UIS_EST,
MENF.5T8,NOR,2015,-9038,,
MENF.5T8,NOR,2016,-7987,,
MENF.5T8,NOR,2017,-8766,,
MENF.5T8,NOR,2018,-5011,,
MENF.5T8,NOR,2019,-4899,UIS_EST,
MENF.5T8,NOR,2020,-3031,,
MENF.5T8,NOR,2021,-1892,UIS_EST,
MENF.5T8,NOR,2022,-1952,UIS_EST,
MENF.5T8,NPL,2009,-25124,UIS_EST,
MENF.5T8,NPL,2011,-29671,UIS_EST,
MENF.5T8,NRU,2000,-69,UIS_EST,
MENF.5T8,NRU,2001,-70,UIS_EST,
MENF.5T8,NRU,2002,-70,UIS_EST,
MENF.5T8,NRU,2003,-70,UIS_EST,
MENF.5T8,NRU,2004,-77,UIS_EST,
MENF.5T8,NRU,2005,-95,UIS_EST,
MENF.5T8,NRU,2006,-109,UIS_EST,
MENF.5T8,NRU,2007,-112,UIS_EST,
MENF.5T8,NRU,2008,-123,UIS_EST,
MENF.5T8,NZL,2000,2088,UIS_EST,
MENF.5T8,NZL,2001,4295,UIS_EST,
MENF.5T8,NZL,2002,10273,UIS_EST,
MENF.5T8,NZL,2003,19411,UIS_EST,
MENF.5T8,NZL,2004,34845,UIS_EST,
MENF.5T8,NZL,2005,36893,UIS_EST,
MENF.5T8,NZL,2007,28787,UIS_EST,
MENF.5T8,NZL,2008,27345,UIS_EST,
MENF.5T8,NZL,2009,33737,UIS_EST,
MENF.5T8,NZL,2010,33084,UIS_EST,
MENF.5T8,NZL,2011,35584,UIS_EST,
MENF.5T8,NZL,2012,35552,UIS_EST,
MENF.5T8,NZL,2013,35939.80078125,UIS_EST,
MENF.5T8,NZL,2014,43788.98046875,UIS_EST,
MENF.5T8,NZL,2015,51810.02734375,,
MENF.5T8,NZL,2016,48254.2421875,,
MENF.5T8,NZL,2017,47876.46875,,
MENF.5T8,NZL,2018,47660.40234375,,
MENF.5T8,NZL,2019,47788.58984375,UIS_EST,
MENF.5T8,NZL,2020,38665.1328125,,
MENF.5T8,NZL,2021,26156.423828125,UIS_EST,
MENF.5T8,NZL,2022,20817.5078125,UIS_EST,
MENF.5T8,OMN,2006,-10328,UIS_EST,
MENF.5T8,OMN,2007,-10164,UIS_EST,
MENF.5T8,OMN,2008,-9254,UIS_EST,
MENF.5T8,OMN,2009,-8721,UIS_EST,
MENF.5T8,OMN,2010,-8458,UIS_EST,
MENF.5T8,OMN,2011,-7983,UIS_EST,
MENF.5T8,OMN,2013,-8922,UIS_EST,
MENF.5T8,OMN,2014,-9869,UIS_EST,
MENF.5T8,OMN,2015,-11744,,
MENF.5T8,OMN,2016,-12739,,
MENF.5T8,OMN,2017,-13242,,
MENF.5T8,OMN,2018,-13046,,
MENF.5T8,OMN,2019,-12436,UIS_EST,
MENF.5T8,OMN,2020,-12264,,
MENF.5T8,OMN,2021,-12485,UIS_EST,
MENF.5T8,PAK,2003,-21979,UIS_EST,
MENF.5T8,PAN,2019,-1505,UIS_EST,
MENF.5T8,PAN,2020,371,,
MENF.5T8,PAN,2021,212,UIS_EST,
MENF.5T8,PAN,2022,632,UIS_EST,
MENF.5T8,PHL,2001,-3571,UIS_EST,
MENF.5T8,PHL,2002,-3766,UIS_EST,
MENF.5T8,PHL,2003,-2159,UIS_EST,
MENF.5T8,PHL,2004,-3734,UIS_EST,
MENF.5T8,PHL,2005,-2609,UIS_EST,
MENF.5T8,PHL,2006,-2646,UIS_EST,
MENF.5T8,PHL,2008,-6092,UIS_EST,
MENF.5T8,PLW,2001,-332,UIS_EST,
MENF.5T8,POL,2000,-8223,UIS_EST,
MENF.5T8,POL,2001,-8923,UIS_EST,
MENF.5T8,POL,2002,-9354,UIS_EST,
MENF.5T8,POL,2003,-11160,UIS_EST,
MENF.5T8,POL,2004,-9910,UIS_EST,
MENF.5T8,POL,2005,-9769,UIS_EST,
MENF.5T8,POL,2006,-11576,UIS_EST,
MENF.5T8,POL,2007,-12806,UIS_EST,
MENF.5T8,POL,2008,-12259,UIS_EST,
MENF.5T8,POL,2009,-11501,UIS_EST,
MENF.5T8,POL,2010,-9553,UIS_EST,
MENF.5T8,POL,2011,-6321,UIS_EST,
MENF.5T8,POL,2012,-2533,UIS_EST,
MENF.5T8,POL,2013,4483,UIS_EST,
MENF.5T8,POL,2014,10846.3935546875,UIS_EST,
MENF.5T8,POL,2015,20125,NAT_EST,
MENF.5T8,POL,2016,30500,NAT_EST,
MENF.5T8,POL,2017,38764,NAT_EST,
MENF.5T8,POL,2018,27979,UIS_EST,
MENF.5T8,POL,2019,29633,UIS_EST,
MENF.5T8,POL,2020,35535,,
MENF.5T8,POL,2021,46625,UIS_EST,
MENF.5T8,POL,2022,66894,UIS_EST,
MENF.5T8,PRK,2009,-1694,UIS_EST,
MENF.5T8,PRT,2000,1755,UIS_EST,
MENF.5T8,PRT,2002,5456,UIS_EST,
MENF.5T8,PRT,2003,4446,UIS_EST,
MENF.5T8,PRT,2004,6350,UIS_EST,
MENF.5T8,PRT,2005,5950,UIS_EST,
MENF.5T8,PRT,2006,6661,UIS_EST,
MENF.5T8,PRT,2007,6220,UIS_EST,
MENF.5T8,PRT,2008,-3330,UIS_EST,
MENF.5T8,PRT,2009,-3137,UIS_EST,
MENF.5T8,PRT,2010,-1665,UIS_EST,
MENF.5T8,PRT,2011,207,UIS_EST,
MENF.5T8,PRT,2012,5855,UIS_EST,
MENF.5T8,PRT,2013,3203,UIS_EST,
MENF.5T8,PRT,2014,3297,UIS_EST,
MENF.5T8,PRT,2015,4661,,
MENF.5T8,PRT,2017,8072,,
MENF.5T8,PRT,2018,13034,,
MENF.5T8,PRT,2019,14427,UIS_EST,
MENF.5T8,PRT,2020,26139,,
MENF.5T8,PRT,2021,28234,UIS_EST,
MENF.5T8,PRT,2022,32047,UIS_EST,
MENF.5T8,PSE,2000,-10710,UIS_EST,
MENF.5T8,PSE,2001,-11524,UIS_EST,
MENF.5T8,PSE,2004,-12659,UIS_EST,
MENF.5T8,PSE,2007,-14821,UIS_EST,
MENF.5T8,PSE,2008,-15681,UIS_EST,
MENF.5T8,PSE,2009,-17060,UIS_EST,
MENF.5T8,PSE,2010,-16723,UIS_EST,
MENF.5T8,PSE,2011,-17903,UIS_EST,
MENF.5T8,PSE,2012,-20296,UIS_EST,
MENF.5T8,PSE,2013,-22186,UIS_EST,
MENF.5T8,PSE,2014,-25624,UIS_EST,
MENF.5T8,PSE,2015,-27463,,
MENF.5T8,PSE,2016,-29221,,
MENF.5T8,PSE,2017,-26122,,
MENF.5T8,PSE,2018,-28587,,
MENF.5T8,PSE,2019,-28994,UIS_EST,
MENF.5T8,PSE,2020,-30242,,
MENF.5T8,PSE,2021,-31235,UIS_EST,
MENF.5T8,PSE,2022,-31498,UIS_EST,
MENF.5T8,QAT,2001,339,UIS_EST,
MENF.5T8,QAT,2002,354,UIS_EST,
MENF.5T8,QAT,2003,336,UIS_EST,
MENF.5T8,QAT,2004,-186,UIS_EST,
MENF.5T8,QAT,2005,535,UIS_EST,
MENF.5T8,QAT,2008,2391,UIS_EST,
MENF.5T8,QAT,2009,2387,UIS_EST,
MENF.5T8,QAT,2010,2695,UIS_EST,
MENF.5T8,QAT,2011,3363,UIS_EST,
MENF.5T8,QAT,2012,3645,UIS_EST,
MENF.5T8,QAT,2013,3634,UIS_EST,
MENF.5T8,QAT,2014,5475,UIS_EST,
MENF.5T8,QAT,2015,5017,UIS_EST,
MENF.5T8,QAT,2016,4487,,
MENF.5T8,QAT,2017,4451,,
MENF.5T8,QAT,2018,2492,,
MENF.5T8,QAT,2019,3744,UIS_EST,
MENF.5T8,QAT,2020,5653,,
MENF.5T8,QAT,2021,7603,UIS_EST,
MENF.5T8,QAT,2022,10442,UIS_EST,
MENF.5T8,ROU,2000,-549,UIS_EST,
MENF.5T8,ROU,2001,-3883,UIS_EST,
MENF.5T8,ROU,2002,-6414,UIS_EST,
MENF.5T8,ROU,2003,-8565,UIS_EST,
MENF.5T8,ROU,2004,-7878,UIS_EST,
MENF.5T8,ROU,2005,-7574,UIS_EST,
MENF.5T8,ROU,2006,-11973,UIS_EST,
MENF.5T8,ROU,2007,-11445,UIS_EST,
MENF.5T8,ROU,2008,-8034,UIS_EST,
MENF.5T8,ROU,2009,-12649,UIS_EST,
MENF.5T8,ROU,2010,-11642,UIS_EST,
MENF.5T8,ROU,2011,-12344,UIS_EST,
MENF.5T8,ROU,2012,-14552,UIS_EST,
MENF.5T8,ROU,2013,-11003,UIS_EST,
MENF.5T8,ROU,2014,-9191,UIS_EST,
MENF.5T8,ROU,2015,-9227,,
MENF.5T8,ROU,2016,-8126,,
MENF.5T8,ROU,2017,-8526,,
MENF.5T8,ROU,2018,-8434,,
MENF.5T8,ROU,2019,-955,UIS_EST,
MENF.5T8,ROU,2020,1018,,
MENF.5T8,ROU,2021,-575,UIS_EST,
MENF.5T8,ROU,2022,3175,UIS_EST,
MENF.5T8,RUS,2000,9550,UIS_EST,
MENF.5T8,RUS,2001,31327,UIS_EST,
MENF.5T8,RUS,2002,35112,UIS_EST,
MENF.5T8,RUS,2003,32182,UIS_EST,
MENF.5T8,RUS,2004,39868,UIS_EST,
MENF.5T8,RUS,2005,53637,UIS_EST,
MENF.5T8,RUS,2006,38143,UIS_EST,
MENF.5T8,RUS,2007,19201,UIS_EST,
MENF.5T8,RUS,2008,92196,UIS_EST,
MENF.5T8,RUS,2009,82536,UIS_EST,
MENF.5T8,RUS,2011,114195,UIS_EST,
MENF.5T8,RUS,2012,122753,UIS_EST,
MENF.5T8,RUS,2014,157418,UIS_EST,
MENF.5T8,RUS,2015,169020,UIS_EST,
MENF.5T8,RUS,2016,186444,,
MENF.5T8,RUS,2017,193540,,
MENF.5T8,RUS,2018,204841,,
MENF.5T8,RUS,2019,229944,UIS_EST,
MENF.5T8,RUS,2020,396244,,
MENF.5T8,RUS,2021,260230,UIS_EST,
MENF.5T8,RUS,2022,276748,UIS_EST,
MENF.5T8,RWA,2001,-3413,UIS_EST,
MENF.5T8,RWA,2012,-5630,UIS_EST,
MENF.5T8,RWA,2013,-5933,UIS_EST,
MENF.5T8,RWA,2014,-5553,UIS_EST,
MENF.5T8,RWA,2015,-4353,,
MENF.5T8,RWA,2016,-4073,,
MENF.5T8,RWA,2017,-3367,,
MENF.5T8,RWA,2018,-1989,,
MENF.5T8,RWA,2019,-2978,UIS_EST,
MENF.5T8,RWA,2020,-2465,,
MENF.5T8,RWA,2022,-2522,UIS_EST,
MENF.5T8,SAU,2000,-3280,UIS_EST,
MENF.5T8,SAU,2003,9374,UIS_EST,
MENF.5T8,SAU,2004,202,UIS_EST,
MENF.5T8,SAU,2005,271,UIS_EST,
MENF.5T8,SAU,2006,-355,UIS_EST,
MENF.5T8,SAU,2007,-1358,UIS_EST,
MENF.5T8,SAU,2008,-6407,UIS_EST,
MENF.5T8,SAU,2009,-11722,UIS_EST,
MENF.5T8,SAU,2010,-20235,UIS_EST,
MENF.5T8,SAU,2011,-22112,UIS_EST,
MENF.5T8,SAU,2012,-20105,UIS_EST,
MENF.5T8,SAU,2013,-12858,UIS_EST,
MENF.5T8,SAU,2014,-12445,UIS_EST,
MENF.5T8,SAU,2015,-13182,,
MENF.5T8,SAU,2016,-10404,,
MENF.5T8,SAU,2017,-5920,,
MENF.5T8,SAU,2018,-3453,,
MENF.5T8,SAU,2019,6112,UIS_EST,
MENF.5T8,SAU,2020,10006,,
MENF.5T8,SAU,2021,13508,UIS_EST,
MENF.5T8,SAU,2022,20609,UIS_EST,
MENF.5T8,SEN,2011,-4021,UIS_EST,
MENF.5T8,SEN,2012,2451,UIS_EST,
MENF.5T8,SEN,2013,7225,UIS_EST,
MENF.5T8,SEN,2014,8692,UIS_EST,
MENF.5T8,SEN,2015,10466,,
MENF.5T8,SEN,2016,-372,,
MENF.5T8,SEN,2017,664,,
MENF.5T8,SEN,2018,504,,
MENF.5T8,SEN,2019,-269,UIS_EST,
MENF.5T8,SEN,2020,-1263,,
MENF.5T8,SEN,2021,-2386,UIS_EST,
MENF.5T8,SEN,2022,-2440,UIS_EST,
MENF.5T8,SGP,2008,21451,UIS_EST,
MENF.5T8,SGP,2009,28507,UIS_EST,
MENF.5T8,SGP,2010,27161,UIS_EST,
MENF.5T8,SGP,2011,31721,UIS_EST,
MENF.5T8,SGP,2012,26953,UIS_EST,
MENF.5T8,SGP,2016,27824,,
MENF.5T8,SGP,2017,29478,,
MENF.5T8,SGP,2018,28019,,
MENF.5T8,SGP,2019,29697,UIS_EST,
MENF.5T8,SGP,2020,33304,,
MENF.5T8,SGP,2021,38875,UIS_EST,
MENF.5T8,SGP,2022,46597,UIS_EST,
MENF.5T8,SLB,2000,-1235,UIS_EST,
MENF.5T8,SLB,2001,-1250,UIS_EST,
MENF.5T8,SLB,2002,-1219,UIS_EST,
MENF.5T8,SLB,2003,-1183,UIS_EST,
MENF.5T8,SLB,2004,-1184,UIS_EST,
MENF.5T8,SLB,2005,-1648,UIS_EST,
MENF.5T8,SLB,2006,-2117,UIS_EST,
MENF.5T8,SLB,2007,-2596,UIS_EST,
MENF.5T8,SLB,2008,-3084,UIS_EST,
MENF.5T8,SLV,2000,-1554,UIS_EST,
MENF.5T8,SLV,2001,-1899,UIS_EST,
MENF.5T8,SLV,2002,-2007,UIS_EST,
MENF.5T8,SLV,2003,-2280,UIS_EST,
MENF.5T8,SLV,2004,-2200,UIS_EST,
MENF.5T8,SLV,2005,-2290,UIS_EST,
MENF.5T8,SLV,2006,-2326,UIS_EST,
MENF.5T8,SLV,2007,-2467,UIS_EST,
MENF.5T8,SLV,2008,-2506,UIS_EST,
MENF.5T8,SLV,2009,-2944,UIS_EST,
MENF.5T8,SLV,2010,-3041,UIS_EST,
MENF.5T8,SLV,2011,-2229,UIS_EST,
MENF.5T8,SLV,2012,-3021,UIS_EST,
MENF.5T8,SLV,2013,-2963,UIS_EST,
MENF.5T8,SLV,2014,-2777,UIS_EST,
MENF.5T8,SLV,2015,-3323,,
MENF.5T8,SLV,2016,-3526,,
MENF.5T8,SLV,2017,-3735,,
MENF.5T8,SLV,2018,-3530,,
MENF.5T8,SLV,2019,-3869,UIS_EST,
MENF.5T8,SLV,2020,-4049,,
MENF.5T8,SLV,2021,-4271,UIS_EST,
MENF.5T8,SLV,2022,-4311,UIS_EST,
MENF.5T8,SMR,2018,-277,,
MENF.5T8,SMR,2019,-8852,UIS_EST,
MENF.5T8,SMR,2020,-291,,
MENF.5T8,SMR,2021,336,UIS_EST,
MENF.5T8,SMR,2022,312,UIS_EST,
MENF.5T8,SRB,2007,-4640,UIS_EST,
MENF.5T8,SRB,2008,-95,UIS_EST,
MENF.5T8,SRB,2009,-1834,UIS_EST,
MENF.5T8,SRB,2010,-2891,UIS_EST,
MENF.5T8,SRB,2011,-4887,UIS_EST,
MENF.5T8,SRB,2012,-3529,UIS_EST,
MENF.5T8,SRB,2013,-3737,UIS_EST,
MENF.5T8,SRB,2014,-5158,UIS_EST,
MENF.5T8,SRB,2015,-3842,,
MENF.5T8,SRB,2016,-4313,,
MENF.5T8,SRB,2017,-4589,,
MENF.5T8,SRB,2018,-4329,,
MENF.5T8,SRB,2019,-2194,UIS_EST,
MENF.5T8,SRB,2020,-3888,,
MENF.5T8,SRB,2021,-4478,UIS_EST,
MENF.5T8,SRB,2022,-3353,UIS_EST,
MENF.5T8,STP,2000,-558,UIS_EST,
MENF.5T8,STP,2001,-568,UIS_EST,
MENF.5T8,STP,2002,-604,UIS_EST,
MENF.5T8,STP,2003,-648,UIS_EST,
MENF.5T8,STP,2004,-725,UIS_EST,
MENF.5T8,STP,2005,-804,UIS_EST,
MENF.5T8,STP,2007,-955,UIS_EST,
MENF.5T8,STP,2008,-571,UIS_EST,
MENF.5T8,SUR,2021,-1066,UIS_EST,
MENF.5T8,SVK,2000,-4211,UIS_EST,
MENF.5T8,SVK,2001,-7135,UIS_EST,
MENF.5T8,SVK,2002,-9259,UIS_EST,
MENF.5T8,SVK,2003,-12195,UIS_EST,
MENF.5T8,SVK,2004,-13054,UIS_EST,
MENF.5T8,SVK,2005,-15969,UIS_EST,
MENF.5T8,SVK,2006,-20183,UIS_EST,
MENF.5T8,SVK,2007,-21909,UIS_EST,
MENF.5T8,SVK,2008,-20913,UIS_EST,
MENF.5T8,SVK,2009,-21764,UIS_EST,
MENF.5T8,SVK,2010,-22661,UIS_EST,
MENF.5T8,SVK,2011,-24109,UIS_EST,
MENF.5T8,SVK,2012,-23934,UIS_EST,
MENF.5T8,SVK,2013,-23025,UIS_EST,
MENF.5T8,SVK,2014,-20951,UIS_EST,
MENF.5T8,SVK,2015,-20639,,
MENF.5T8,SVK,2016,-21895,,
MENF.5T8,SVK,2017,-21691,,
MENF.5T8,SVK,2018,-19852,,
MENF.5T8,SVK,2019,-9389,UIS_EST,
MENF.5T8,SVK,2020,-16713,,
MENF.5T8,SVK,2021,-15685,UIS_EST,
MENF.5T8,SVK,2022,-13597,UIS_EST,
MENF.5T8,SVN,2000,-4736,UIS_EST,
MENF.5T8,SVN,2001,-2876,UIS_EST,
MENF.5T8,SVN,2002,-965,UIS_EST,
MENF.5T8,SVN,2003,-1128,UIS_EST,
MENF.5T8,SVN,2004,-1315,UIS_EST,
MENF.5T8,SVN,2005,-1252,UIS_EST,
MENF.5T8,SVN,2006,-1244,UIS_EST,
MENF.5T8,SVN,2007,-1087,UIS_EST,
MENF.5T8,SVN,2008,-919,UIS_EST,
MENF.5T8,SVN,2009,-382,UIS_EST,
MENF.5T8,SVN,2010,-511,UIS_EST,
MENF.5T8,SVN,2011,-598,UIS_EST,
MENF.5T8,SVN,2012,-119,UIS_EST,
MENF.5T8,SVN,2013,-53,UIS_EST,
MENF.5T8,SVN,2014,-17,UIS_EST,
MENF.5T8,SVN,2015,-375,,
MENF.5T8,SVN,2016,-219,,
MENF.5T8,SVN,2017,-234,,
MENF.5T8,SVN,2018,222,,
MENF.5T8,SVN,2019,522,UIS_EST,
MENF.5T8,SVN,2020,2724,,
MENF.5T8,SVN,2021,4555,UIS_EST,
MENF.5T8,SVN,2022,4689,UIS_EST,
MENF.5T8,SWE,2000,13279,UIS_EST,
MENF.5T8,SWE,2001,12263,UIS_EST,
MENF.5T8,SWE,2002,13330,UIS_EST,
MENF.5T8,SWE,2003,17754,UIS_EST,
MENF.5T8,SWE,2004,4333,UIS_EST,
MENF.5T8,SWE,2005,6794,UIS_EST,
MENF.5T8,SWE,2006,7921,UIS_EST,
MENF.5T8,SWE,2007,7981,UIS_EST,
MENF.5T8,SWE,2008,8648,UIS_EST,
MENF.5T8,SWE,2009,12117,UIS_EST,
MENF.5T8,SWE,2010,15561,UIS_EST,
MENF.5T8,SWE,2011,19363,UIS_EST,
MENF.5T8,SWE,2012,10688,UIS_EST,
MENF.5T8,SWE,2013,7380,UIS_EST,
MENF.5T8,SWE,2014,7776,UIS_EST,
MENF.5T8,SWE,2015,9267,,
MENF.5T8,SWE,2016,10709,,
MENF.5T8,SWE,2017,12200,,
MENF.5T8,SWE,2018,14936,,
MENF.5T8,SWE,2019,14630.8291015625,UIS_EST,
MENF.5T8,SWE,2020,16819.876953125,,
MENF.5T8,SWE,2021,18541.998046875,UIS_EST,
MENF.5T8,SWE,2022,19630.2265625,UIS_EST,
MENF.5T8,SWZ,2000,-1269,UIS_EST,
MENF.5T8,SWZ,2001,-1495,UIS_EST,
MENF.5T8,SWZ,2002,-1969,UIS_EST,
MENF.5T8,SWZ,2006,-3065,UIS_EST,
MENF.5T8,SWZ,2011,-4355,UIS_EST,
MENF.5T8,SWZ,2013,-2774,UIS_EST,
MENF.5T8,SWZ,2014,-2771,UIS_EST,
MENF.5T8,SWZ,2015,-2562,,
MENF.5T8,SXM,2012,59,UIS_EST,
MENF.5T8,SXM,2014,-13,UIS_EST,
MENF.5T8,SXM,2015,-25,UIS_EST,
MENF.5T8,SXM,2017,-96,,
MENF.5T8,SYC,2000,-361,UIS_EST,
MENF.5T8,SYC,2001,-359,UIS_EST,
MENF.5T8,SYC,2002,-380,UIS_EST,
MENF.5T8,SYC,2003,-421,UIS_EST,
MENF.5T8,SYC,2005,-519,UIS_EST,
MENF.5T8,SYC,2006,-484,UIS_EST,
MENF.5T8,SYC,2008,-510,UIS_EST,
MENF.5T8,SYC,2009,-458,UIS_EST,
MENF.5T8,SYC,2010,-436,UIS_EST,
MENF.5T8,SYC,2011,-415,UIS_EST,
MENF.5T8,SYC,2012,-478,UIS_EST,
MENF.5T8,SYC,2013,-473,UIS_EST,
MENF.5T8,SYC,2014,-447,UIS_EST,
MENF.5T8,SYC,2015,-416,,
MENF.5T8,SYC,2016,-528,,
MENF.5T8,SYC,2017,-495,,
MENF.5T8,SYC,2018,-553,,
MENF.5T8,SYC,2019,-611,UIS_EST,
MENF.5T8,SYC,2020,-636,,
MENF.5T8,SYC,2021,-586,UIS_EST,
MENF.5T8,SYC,2022,-574,UIS_EST,
MENF.5T8,TCA,2008,-251,UIS_EST,
MENF.5T8,TCA,2020,-88,,
MENF.5T8,TCA,2021,-13,UIS_EST,
MENF.5T8,TCA,2022,12,UIS_EST,
MENF.5T8,TCD,2008,-4079,UIS_EST,
MENF.5T8,TCD,2011,-4302,UIS_EST,
MENF.5T8,TCD,2020,-19994,,
MENF.5T8,TGO,2007,-4692,UIS_EST,
MENF.5T8,TGO,2021,33108,UIS_EST,
MENF.5T8,THA,2001,-20623,UIS_EST,
MENF.5T8,THA,2002,-21478,UIS_EST,
MENF.5T8,THA,2004,-21024,UIS_EST,
MENF.5T8,THA,2005,-20558,UIS_EST,
MENF.5T8,THA,2006,-19762,UIS_EST,
MENF.5T8,THA,2007,-17751,UIS_EST,
MENF.5T8,THA,2008,-14931,UIS_EST,
MENF.5T8,THA,2009,-10143,UIS_EST,
MENF.5T8,THA,2010,-8221,UIS_EST,
MENF.5T8,THA,2011,-6359,UIS_EST,
MENF.5T8,THA,2012,-6013,UIS_EST,
MENF.5T8,THA,2016,580,,
MENF.5T8,THA,2020,-8203,,
MENF.5T8,THA,2022,-2472,UIS_EST,
MENF.5T8,TJK,2000,3276,UIS_EST,
MENF.5T8,TJK,2001,931,UIS_EST,
MENF.5T8,TJK,2002,1690,UIS_EST,
MENF.5T8,TJK,2003,-250,UIS_EST,
MENF.5T8,TJK,2004,-296,UIS_EST,
MENF.5T8,TJK,2005,-2083,UIS_EST,
MENF.5T8,TJK,2006,-1923,UIS_EST,
MENF.5T8,TJK,2007,-543,UIS_EST,
MENF.5T8,TJK,2008,-2340,UIS_EST,
MENF.5T8,TJK,2009,-3081,UIS_EST,
MENF.5T8,TJK,2010,-5043,UIS_EST,
MENF.5T8,TJK,2011,-5290,UIS_EST,
MENF.5T8,TJK,2012,-5434,UIS_EST,
MENF.5T8,TJK,2013,-8662,UIS_EST,
MENF.5T8,TJK,2014,-11762,UIS_EST,
MENF.5T8,TJK,2015,-13820,,
MENF.5T8,TJK,2016,-19216,,
MENF.5T8,TJK,2017,-17530,,
MENF.5T8,TKL,2000,-7,UIS_EST,
MENF.5T8,TKL,2001,-7,UIS_EST,
MENF.5T8,TKL,2002,-7,UIS_EST,
MENF.5T8,TKL,2003,-7,UIS_EST,
MENF.5T8,TKL,2004,-7,UIS_EST,
MENF.5T8,TKL,2005,-21,UIS_EST,
MENF.5T8,TKL,2006,-36,UIS_EST,
MENF.5T8,TKL,2007,-52,UIS_EST,
MENF.5T8,TKL,2008,-65,UIS_EST,
MENF.5T8,TKL,2020,-75,UIS_EST,
MENF.5T8,TKM,2014,-47456,UIS_EST,
MENF.5T8,TKM,2019,-63447,UIS_EST,
MENF.5T8,TKM,2020,-75945,,
MENF.5T8,TKM,2021,-70786,UIS_EST,
MENF.5T8,TKM,2022,-60833,UIS_EST,
MENF.5T8,TON,2020,-1241,,
MENF.5T8,TTO,2000,-2819,UIS_EST,
MENF.5T8,TTO,2001,-2985,UIS_EST,
MENF.5T8,TTO,2002,-3057,UIS_EST,
MENF.5T8,TTO,2004,-4651,UIS_EST,
MENF.5T8,TTO,2019,-1919,UIS_EST,
MENF.5T8,TTO,2021,-2045,,
MENF.5T8,TTO,2022,-2135,UIS_EST,
MENF.5T8,TUN,2000,-8873,UIS_EST,
MENF.5T8,TUN,2001,-9969,UIS_EST,
MENF.5T8,TUN,2002,-11153,UIS_EST,
MENF.5T8,TUN,2003,-12973,UIS_EST,
MENF.5T8,TUN,2004,-13059,UIS_EST,
MENF.5T8,TUN,2008,-15559,UIS_EST,
MENF.5T8,TUN,2009,-16320,UIS_EST,
MENF.5T8,TUN,2010,-17335,UIS_EST,
MENF.5T8,TUN,2011,-17375,UIS_EST,
MENF.5T8,TUN,2012,-17166,UIS_EST,
MENF.5T8,TUN,2013,-10832,UIS_EST,
MENF.5T8,TUN,2015,-12456,,
MENF.5T8,TUN,2016,-14466,,
MENF.5T8,TUN,2017,-15997,,
MENF.5T8,TUN,2018,-17894,,
MENF.5T8,TUN,2020,-16849,,
MENF.5T8,TUN,2021,-18133,UIS_EST,
MENF.5T8,TUN,2022,-18592,UIS_EST,
MENF.5T8,TUR,2000,-12822,UIS_EST,
MENF.5T8,TUR,2001,-15448,UIS_EST,
MENF.5T8,TUR,2002,-17417,UIS_EST,
MENF.5T8,TUR,2003,-20886,UIS_EST,
MENF.5T8,TUR,2004,-18014,UIS_EST,
MENF.5T8,TUR,2005,-17188,UIS_EST,
MENF.5T8,TUR,2006,-16604,UIS_EST,
MENF.5T8,TUR,2007,-18471,UIS_EST,
MENF.5T8,TUR,2008,-20202,UIS_EST,
MENF.5T8,TUR,2009,-22022,UIS_EST,
MENF.5T8,TUR,2010,-19683,UIS_EST,
MENF.5T8,TUR,2011,-15336,UIS_EST,
MENF.5T8,TUR,2012,-7764,UIS_EST,
MENF.5T8,TUR,2013,9070,UIS_EST,
MENF.5T8,TUR,2014,2990,UIS_EST,
MENF.5T8,TUR,2015,26518,,
MENF.5T8,TUR,2016,42353,,
MENF.5T8,TUR,2017,62385,,
MENF.5T8,TUR,2018,77756,,
MENF.5T8,TUR,2019,107315,UIS_EST,
MENF.5T8,TUR,2020,133756,,
MENF.5T8,TUR,2021,171547,UIS_EST,
MENF.5T8,TUR,2022,183705,UIS_EST,
MENF.5T8,TUV,2000,-184,UIS_EST,
MENF.5T8,TUV,2001,-193,UIS_EST,
MENF.5T8,TUV,2002,-202,UIS_EST,
MENF.5T8,TUV,2003,-212,UIS_EST,
MENF.5T8,TUV,2004,-211,UIS_EST,
MENF.5T8,TUV,2005,-265,UIS_EST,
MENF.5T8,TUV,2006,-317,UIS_EST,
MENF.5T8,TUV,2007,-361,UIS_EST,
MENF.5T8,TUV,2008,-403,UIS_EST,
MENF.5T8,TUV,2009,-417,UIS_EST,
MENF.5T8,TZA,2003,-4265,UIS_EST,
MENF.5T8,TZA,2004,-4409,UIS_EST,
MENF.5T8,TZA,2021,-6544,UIS_EST,
MENF.5T8,TZA,2022,-6364,UIS_EST,
MENF.5T8,UGA,2011,9586,UIS_EST,
MENF.5T8,UKR,2001,-10189,UIS_EST,
MENF.5T8,UKR,2002,-5286,UIS_EST,
MENF.5T8,UKR,2003,-4316,UIS_EST,
MENF.5T8,UKR,2004,-7166,UIS_EST,
MENF.5T8,UKR,2005,-463,UIS_EST,
MENF.5T8,UKR,2006,2204,UIS_EST,
MENF.5T8,UKR,2007,4125,UIS_EST,
MENF.5T8,UKR,2008,923,UIS_EST,
MENF.5T8,UKR,2009,2861,UIS_EST,
MENF.5T8,UKR,2010,2461,UIS_EST,
MENF.5T8,UKR,2011,1723,UIS_EST,
MENF.5T8,UKR,2012,6388,UIS_EST,
MENF.5T8,UKR,2013,7155,UIS_EST,
MENF.5T8,UKR,2014,10107,UIS_EST,
MENF.5T8,UKR,2015,-10625,,
MENF.5T8,UKR,2016,-23278,,
MENF.5T8,UKR,2017,-25124,,
MENF.5T8,UKR,2018,-28948,,
MENF.5T8,UKR,2019,-22217,UIS_EST,
MENF.5T8,UKR,2020,-8580,,
MENF.5T8,UKR,2021,-3526,UIS_EST,
MENF.5T8,URY,2020,-2530,,
MENF.5T8,URY,2021,-1231,UIS_EST,
MENF.5T8,URY,2022,-1707,UIS_EST,
MENF.5T8,USA,2005,532120,UIS_EST,
MENF.5T8,USA,2013,708480,UIS_EST,
MENF.5T8,USA,2014,764134,UIS_EST,
MENF.5T8,USA,2015,826432,,
MENF.5T8,USA,2016,887178,,
MENF.5T8,USA,2017,898025.625,,
MENF.5T8,USA,2018,901082.625,,
MENF.5T8,USA,2019,874493.8125,UIS_EST,
MENF.5T8,USA,2020,848728.1875,,
MENF.5T8,USA,2021,730392,UIS_EST,
MENF.5T8,USA,2022,758550.0625,UIS_EST,
MENF.5T8,UZB,2006,-29164,UIS_EST,
MENF.5T8,UZB,2007,-31816,UIS_EST,
MENF.5T8,UZB,2008,-31144,UIS_EST,
MENF.5T8,UZB,2009,-28684,UIS_EST,
MENF.5T8,UZB,2010,-23920,UIS_EST,
MENF.5T8,UZB,2011,-22758,UIS_EST,
MENF.5T8,UZB,2012,-18693,UIS_EST,
MENF.5T8,UZB,2013,-19777,UIS_EST,
MENF.5T8,UZB,2014,-25435,UIS_EST,
MENF.5T8,UZB,2015,-27356,,
MENF.5T8,UZB,2016,-32184,,
MENF.5T8,UZB,2017,-34430,,
MENF.5T8,UZB,2018,-41644,,
MENF.5T8,UZB,2021,-122716,UIS_EST,
MENF.5T8,UZB,2022,-144985,UIS_EST,
MENF.5T8,VCT,2000,-586,UIS_EST,
MENF.5T8,VCT,2001,-555,UIS_EST,
MENF.5T8,VCT,2002,-426,UIS_EST,
MENF.5T8,VCT,2003,-622,UIS_EST,
MENF.5T8,VCT,2004,-709,UIS_EST,
MENF.5T8,VCT,2018,-714,,
MENF.5T8,VEN,2002,-12473,UIS_EST,
MENF.5T8,VEN,2004,-10351,UIS_EST,
MENF.5T8,VEN,2008,-14188,UIS_EST,
MENF.5T8,VGB,2000,-120,UIS_EST,
MENF.5T8,VGB,2001,-149,UIS_EST,
MENF.5T8,VGB,2002,-331,UIS_EST,
MENF.5T8,VGB,2004,-222,UIS_EST,
MENF.5T8,VGB,2009,-122,UIS_EST,
MENF.5T8,VGB,2016,-219,,
MENF.5T8,VGB,2020,-252,,
MENF.5T8,VNM,2000,-8687,UIS_EST,
MENF.5T8,VNM,2001,-10061,UIS_EST,
MENF.5T8,VNM,2002,-11605,UIS_EST,
MENF.5T8,VNM,2003,-14184,UIS_EST,
MENF.5T8,VNM,2005,-18167,UIS_EST,
MENF.5T8,VNM,2007,-25484,UIS_EST,
MENF.5T8,VNM,2008,-33065,UIS_EST,
MENF.5T8,VNM,2009,-39592,UIS_EST,
MENF.5T8,VNM,2010,-44046,UIS_EST,
MENF.5T8,VNM,2011,-47667,UIS_EST,
MENF.5T8,VNM,2012,-49404,UIS_EST,
MENF.5T8,VNM,2013,-52387,UIS_EST,
MENF.5T8,VNM,2014,-56932,UIS_EST,
MENF.5T8,VNM,2015,-65162,,
MENF.5T8,VNM,2016,-77049,,
MENF.5T8,VNM,2017,-90481,,
MENF.5T8,VNM,2019,-118298,UIS_EST,
MENF.5T8,VNM,2020,-130142,,
MENF.5T8,VNM,2021,-130551,UIS_EST,
MENF.5T8,VNM,2022,-126381,UIS_EST,
MENF.5T8,WSM,2000,-850,UIS_EST,
MENF.5T8,WSM,2017,-941,,
MENF.5T8,WSM,2018,-969,,
MENF.5T8,WSM,2019,-901,UIS_EST,
MENF.5T8,WSM,2020,-912,,
MENF.5T8,WSM,2021,-894,UIS_EST,
MENF.5T8,WSM,2022,-847,UIS_EST,
MENF.5T8,YEM,2007,-3002,UIS_EST,
MENF.5T8,YEM,2011,-2243,UIS_EST,
MENF.5T8,ZAF,2000,39700,UIS_EST,
MENF.5T8,ZAF,2001,33592,UIS_EST,
MENF.5T8,ZAF,2002,40259,UIS_EST,
MENF.5T8,ZAF,2003,43599,UIS_EST,
MENF.5T8,ZAF,2004,45224,UIS_EST,
MENF.5T8,ZAF,2005,44389,UIS_EST,
MENF.5T8,ZAF,2006,47877,UIS_EST,
MENF.5T8,ZAF,2007,53254,UIS_EST,
MENF.5T8,ZAF,2008,58182,UIS_EST,
MENF.5T8,ZAF,2009,54185,UIS_EST,
MENF.5T8,ZAF,2010,59475,UIS_EST,
MENF.5T8,ZAF,2011,63855,UIS_EST,
MENF.5T8,ZAF,2012,35608,UIS_EST,
MENF.5T8,ZAF,2013,35241,UIS_EST,
MENF.5T8,ZAF,2014,34364,UIS_EST,
MENF.5T8,ZAF,2015,34191,,
MENF.5T8,ZAF,2016,34989,,
MENF.5T8,ZAF,2017,34554,,
MENF.5T8,ZAF,2018,30225,,
MENF.5T8,ZAF,2019,28057,UIS_EST,
MENF.5T8,ZAF,2020,22695,,
MENF.5T8,ZAF,2021,21270,UIS_EST,
MENF.5T8,ZAF,2022,17958,UIS_EST,
MENF.5T8,ZWE,2009,-20323,UIS_EST,
MENF.5T8,ZWE,2010,-24919,UIS_EST,
MENF.5T8,ZWE,2011,-28726,UIS_EST,
MENF.5T8,ZWE,2012,-16392,UIS_EST,
MENF.5T8,ZWE,2015,-16574,,